Asset/SSE #,Serial#,Manuf,Model,,Model#,FMV,Cond,On Shelf,Processor Type,Processor Speed,Mem Size (Total),Mem Type,HDD Capacity,HDD Type,HDD Qty,Optical Drive,New OS Load Type,Screen Size,Case Color,Notes/Comments,Mono Page Count,Color Page Count,Total Page Count,Form Factor,price
1143285,2UA8440F13,HP,dc7800 SFF,,GC760AV,,B,41,Intel Core 2 6300 Dual Core,2.30GHz,5 GB,"DDR2/800, DDR2/800, DDR2/800, DDR2/800, DDR2/800",,,,,,,Silver and Black,,,,,SFF,45
1162852,2UA8440f1f,HP,dc7800 SFF,,GC760AV,,C,20,Intel Core 2 Duo E6550 Dual Core,2.33 GHz,7 GB,"DDR2/800, DDR2/800, DDR2/800, DDR2/800, DDR2/800",,,,,,,Silver and Black,,,,,SFF,45
1162857,2UA8180J5R,HP,dc7800 SFF,,GC760AV,,C,22,Intel Core 2 Duo E6550 Dual Core,2.33 GHz,2.5 GB,"DDR2/667, DDR2/667, DDR2/667, DDR2/667, DDR2/667",,,,,,,Silver and Black,,,,,SFF,45
1178963,DQQZ9F1,Dell,OptiPlex 755,,OptiPlex 755,,B,9,Intel Core 2 Duo E6550 Dual Core,2.33 GHz,4 GB,"DDR2/667, DDR2/667, DDR2/667, DDR2/667",80 GB,SATA,1,,,,silver,,,,,SFF,45
1175486,3KTBZL1,Dell,OptiPlex 780,,OptiPlex 780,,B,5,Intel Core 2 Duo E7500 Dual Core,2.93 GHz,2 GB,"DDR3/1066, DDR3/1066",250 GB,SATA,1,,,,BLACK,,,,,SFF,45
1177535,2UA0421FJ8,HP,6000 Pro SFF,,AT492AV,,B,12,Intel Core 2 Duo E7500 Dual Core,2.93 GHz,4 GB,,80 GB,SATA,1,,,,BLACK,,,,,SFF,45
1179509,HRVD9P1,Dell,OptiPlex 780,,OptiPlex 780,,B,8,Intel Core 2 Duo E7500 Dual Core,2.93 GHz,4 GB,"DDR3/1066, DDR3/1066",250 GB,SATA,1,,,,BLACK,,,,,SFF,45
1179512,JGNT3P1,Dell,OptiPlex 780,,OptiPlex 780,,B,8,Intel Core 2 Duo E7500 Dual Core,2.93 GHz,4 GB,"DDR3/1066, DDR3/1066",250 GB,SATA,1,,,,BLACK,,,,,SFF,45
1179513,65LDBP1,Dell,OptiPlex 780,,OptiPlex 780,,B,8,Intel Core 2 Duo E7500 Dual Core,2.93 GHz,4 GB,"DDR3/1066, DDR3/1066",250 GB,SATA,1,,,,BLACK,,,,,SFF,45
1150138,MXL0191RC3,HP,8000 Elite SFF,,SH782UC#ABA,,B,30,Intel Core 2 Duo E7600 Dual core,2.30GHz,6 GB,"DDR3/1333, DDR3/1333, DDR3/1333",160 GB,SATA,1,,,,Black,,,,,SFF,45
1162973,2UA93906WL,HP,dc7900 SFF,,KP721AV,,B,22,Intel Core 2 Duo E8400,3.00 Ghz,5 GB,"DDR2/800, DDR2/800, DDR2/800",,,,,,,Black,,,,,SFF,60
1176118,BJD5HK1,Dell,OptiPlex 780,,OptiPlex 760,,B,12,Intel Core 2 Duo E8400,3.00 Ghz,4 GB,"DDR2/800, DDR2/800",250 GB,SATA,1,,,,silver/black,,,,,SFF,60
1177494,2UA11206RT,HP,8000 Elite SFF,,AU247AV,,C,9,Intel Core 2 Duo E8400,3.00 Ghz,8 GB,,500 GB,SATA,1,,,,BLACK,,,,,SFF,60
1177516,2UA11206S0,HP,8000 Elite SFF,,AU247AV,,B,8,Intel Core 2 Duo E8400,3.00 Ghz,8 GB,,250 GB,SATA,1,,,,BLACK,,,,,SFF,60
1146705,DSH7YF1,Dell,OptiPlex 755,,Optiplex 755,,B,14,Intel Core 2 Duo E8500,2.30GHz,4 GB,"DDR2/800, DDR2/800",,,,,,,Silver and Black front,,,,,SFF,60
1142555,MJRBAHP,Lenovo,ThinkCentre M71e,,AD6,,B,30,Intel Core i3-2120 Dual Core,3.30 Ghz,4 GB,DDR3/1333,500 GB,SATA,1,,,,Black,,,,,SFF,60
1171166,MJRBAHN,Lenovo,ThinkCentre M71e,,3167-AD6,,B,7,Intel Core i3-2120 Dual Core,3.30 Ghz,4 GB,DDR3/1333,500 GB,SATA,1,,,,BLACK,,,,,SFF,60
1171170,MJRBAKB,Lenovo,ThinkCentre M71e,,3167-AD6,,B,8,Intel Core i3-2120 Dual Core,3.30 Ghz,4 GB,DDR3/1333,320 GB,SATA,1,,,,black,,,,,SFF,60
1172746,MJVETMA,Lenovo,ThinkCentre M72e,,3660-A73,,B,15,Intel Core i3-2120 Dual Core,3.30 Ghz,4 GB,DDR3/1333,500 GB,SATA,1,,,,Black,,,,,SFF,60
1172883,8XCVTV1,Dell,OptiPlex 790,,Optiplex 790,,B,5,Intel Core i3-2120 Dual Core,3.30 Ghz,4 GB,"DDR3/1333, DDR3/1333",250 GB,SATA,1,,,,BLACK,,,,,SFF,60
1175483,J77QWV1,Dell,OptiPlex 790,,Optiplex 790,,B,5,Intel Core i3-2120 Dual Core,3.30 Ghz,2 GB,DDR3/1333,250 GB,SATA,1,,,,BLACK,,,,,SFF,60
1178233,MJVETLC,Lenovo,ThinkCentre M72e,,3660-A73,,B,1,Intel Core i3-2120 Dual Core,3.30 Ghz,4 GB,DDR3/1333,250 GB,SATA,1,,,,GREY,INSTALLED HDD/ SN: S2B5J90Z906382,,,,SFF,60
1179493,7X6X3V1,Dell,OptiPlex 390,,OptiPlex 390,,B,8,Intel Core i3-2120 Dual Core,3.30 Ghz,2 GB,DDR3/1333,250 GB,SATA,1,,,,Black,,,,,SFF,60
1124131,MJ30YF0,Lenovo,ThinkCentre M72e,,A73,,A,6,Intel Core i3-2130 Dual Core,3.40 Ghz,4 GB,DDR3/1333,500 GB,SATA,1,,,,Black,,,,,SFF,60
1172414,MJ34N41,Lenovo,ThinkCentre M72e,,3660-A73,,B,15,Intel Core i3-2130 Dual Core,3.40 Ghz,4 GB,DDR3/1333,500 GB,SATA,1,,,,BLACK,,,,,SFF,60
1172436,MJ34N14,Lenovo,ThinkCentre M72e,,3660-A73,,A,14,Intel Core i3-2130 Dual Core,3.40 Ghz,4 GB,DDR3/1333,500 GB,SATA,1,,,,BLACK,,,,,SFF,60
1172437,MJ34N27,Lenovo,ThinkCentre M72e,,3660-A73,,A,15,Intel Core i3-2130 Dual Core,3.40 Ghz,4 GB,DDR3/1333,500 GB,SATA,1,,,,BLACK,,,,,SFF,60
1172761,MJ17W9F,Lenovo,ThinkCentre M72e,,3660-A73,,B,15,Intel Core i3-2130 Dual Core,3.40 Ghz,4 GB,DDR3/1333,500 GB,SATA,1,,,,Black,,,,,SFF,60
1172867,MJ17C3W,Lenovo,ThinkCentre M72e,,3660-A73,,A,15,Intel Core i3-2130 Dual Core,3.40 Ghz,4 GB,DDR3/1333,500 GB,SATA,1,,,,BLACK,,,,,SFF,60
1172903,MJ34N16,Lenovo,ThinkCentre M72e,,3660-A73,,B,15,Intel Core i3-2130 Dual Core,3.40 Ghz,4 GB,DDR3/1333,500 GB,SATA,1,,,,BLACK,,,,,SFF,60
1178094,MJ09A13,Lenovo,ThinkCentre M72e,,3660-A73,,B,9,Intel Core i3-2130 Dual Core,3.40 Ghz,4 GB,DDR3/1333,500 GB,SATA,1,,,,BLACK,,,,,SFF,60
1178095,MJ80C6M,Lenovo,ThinkCentre M72e,,3660-A73,,B,9,Intel Core i3-2130 Dual Core,3.40 Ghz,4 GB,DDR3/1333,500 GB,SATA,1,,,,Black,,,,,SFF,60
1178097,MJ80C7N,Lenovo,ThinkCentre M72e,,3660-A73,,B,9,Intel Core i3-2130 Dual Core,3.40 Ghz,4 GB,DDR3/1333,500 GB,SATA,1,,,,BLACK,,,,,SFF,60
1178098,MJ80R4M,Lenovo,ThinkCentre M72e,,3660-A73,,B,9,Intel Core i3-2130 Dual Core,3.40 Ghz,4 GB,DDR3/1333,500 GB,SATA,1,,,,Black,,,,,SFF,60
1178236,MJ34N40,Lenovo,ThinkCentre M72e,,3660-A73,,A,8,Intel Core i3-2130 Dual Core,3.40 Ghz,4 GB,DDR3/1333,500 GB,SATA,1,,,,black,,,,,SFF,60
1140676,MXL30116G0,HP,6000 Pro SFF,,SK036UP#ABA,,C,5,Intel Core i3-2350M Dual Core,2.50 Ghz,4 GB,DDR3,250 GB,SATA,1,,,,Black,,,,,SFF,60
1165177,MXL3011176,HP,Pro 6300 SFF,,D5V53UP#ABA,,B,5,Intel Core i3-3220 Dual Core,3.30 Ghz,4 GB,DDR3/1600,250 GB,SATA,1,,,,BLACK,,,,,SFF,60
1172749,MJVAKZC,Lenovo,ThinkCentre M72e,,0967-A7U,,B,15,Intel Core i3-3220 Dual Core,3.30 Ghz,4 GB,DDR3/1600,500 GB,SATA,1,,,,Black,,,,,SFF,60
1172750,MJVADRA,Lenovo,ThinkCentre M72e,,0967-A7U,,A,14,Intel Core i3-3220 Dual Core,3.30 Ghz,4 GB,DDR3/1600,500 GB,SATA,1,,,,BLACK,,,,,SFF,60
1172751,MJVAKYW,Lenovo,ThinkCentre M72e,,0967-A7U,,B,15,Intel Core i3-3220 Dual Core,3.30 Ghz,4 GB,DDR3/1600,500 GB,SATA,1,,,,Black,,,,,SFF,60
1172753,MJVAKZD,Lenovo,ThinkCentre M72e,,0967-A7U,,B,15,Intel Core i3-3220 Dual Core,3.30 Ghz,4 GB,DDR3/1600,500 GB,SATA,1,,,,Black,,,,,SFF,60
1172758,MJADNB,Lenovo,ThinkCentre M72e,,0967-A7U,,A,13,Intel Core i3-3220 Dual Core,3.30 Ghz,4 GB,DDR3/1600,500 GB,SATA,1,,,,BLACK,,,,,SFF,60
1172759,MJVADMR,Lenovo,ThinkCentre M72e,,0967-A7U,,B,15,Intel Core i3-3220 Dual Core,3.30 Ghz,4 GB,DDR3/1600,500 GB,SATA,1,,,,Black,,,,,SFF,60
1172762,MJVADPZ,Lenovo,ThinkCentre M72e,,0967-A7U,,B,15,Intel Core i3-3220 Dual Core,3.30 Ghz,4 GB,DDR3/1600,500 GB,SATA,1,,,,Black,,,,,SFF,60
1172789,MJVAKYX,Lenovo,ThinkCentre M72e,,0967-A7U,,A,14,Intel Core i3-3220 Dual Core,3.30 Ghz,4 GB,DDR3/1600,500 GB,SATA/SSD,1,,,,Black,,,,,SFF,60
1172790,MJVAECY,Lenovo,ThinkCentre M72e,,0967-A7U,,C,14,Intel Core i3-3220 Dual Core,3.30 Ghz,4 GB,DDR3/1600,500 GB,SATA/SSD,1,,,,Black,,,,,SFF,60
1172885,MJVALCZ,Lenovo,ThinkCentre M72e,,0967A7U,,B,13,Intel Core i3-3220 Dual Core,3.30 Ghz,4 GB,DDR3/1600,500 GB,SAS/SSD,1,,,,Black,,,,,SFF,60
1179481,2UA3170TFY,HP,Pro 4300 SFF,,D8C84UT#ABA,,B,9,Intel Core i3-3220 Dual Core,3.30 Ghz,4 GB,DDR3/1600,500 GB,SATA,1,,,,BLACK,,,,,SFF,60
1172346,MJ66RY3,Lenovo,ThinkCentre M73,,10B7S00T00,,B,15,Intel Core i3-3240 Dual Core,3.40 Ghz,4 GB,DDR3/1600,500 GB,SATA,1,,,,BLACK,,,,,SFF,60
1172748,MJ95YX8,Lenovo,ThinkCentre M72e,,3660-A73,,C,15,Intel Core i3-3240 Dual Core,3.40 Ghz,4 GB,DDR3/1600,500 GB,SATA,1,,,,BLACK,,,,,SFF,60
1172752,MJ66RY0,Lenovo,ThinkCentre M72e,,0967-A7U,,B,15,Intel Core i3-3240 Dual Core,3.40 Ghz,4 GB,DDR3/1600,500 GB,SATA,1,,,,Black,,,,,SFF,60
1172756,MJ66RX8,Lenovo,ThinkCentre M72e,,3660-A73,,B,14,Intel Core i3-3240 Dual Core,3.40 Ghz,4 GB,DDR3/1600,500 GB,SATA,1,,,,Black,,,,,SFF,60
1179364,MJ037WWT,Lenovo,ThinkCentre M73,,10B4-S1T003,,C,8,Intel Core i3-4130 Dual Core,3.40 Ghz,8 GB,"DDR3/1600, DDR3/1600",500 GB,SATA,1,,,,black,,,,,SFF,70
1179659,MJ03M3EA,Lenovo,ThinkCentre M73,,S1T003,,C,7,Intel Core i3-4130 Dual Core,3.40 Ghz,16 GB,"DDR3/1600, DDR3/1600",500 GB,SATA,1,,,,BLACK,,,,,SFF,70
1178978,2UA22605WK,HP,4000 Pro SFF,,H3E60US#ABA,,B,8,Intel Pentium Dual Core E6600,3.06GHz,4 GB,"DDR3/1333, DDR3/1333",500 GB,SATA,1,,,,black,,,,,SFF,45
1179107,2UA22605WF,HP,4000 Pro SFF,,H3E60US#ABA,,B,8,Intel Pentium Dual Core E6600,3.00 Ghz,6 GB,"DDR3/1333, DDR3/1333, DDR3/1333",500 GB,SATA,1,,,,Black,,,,,SFF,45
1179132,2UA22605TC,HP,4000 Pro SFF,,H3E60US#ABA,,B,8,Intel Pentium Dual Core E6600,2.40GHz,6 GB,"DDR3/1333, DDR3/1333, DDR3/1333",500 GB,SATA,1,,,,Black,,,,,SFF,45
1179640,2UA22605VD,HP,4000 Pro SFF,,H3E60US#ABA,,B,8,Intel Pentium Dual Core E6600,3.06GHz,4 GB,,500 GB,SATA,1,,,,BLACK,,,,,SFF,45
1179894,2UA22605XK,HP,4000 Pro SFF,,H3E60US#ABA,,B,8,Intel Pentium Dual Core E6600,3.06GHz,4 GB,"DDR3/1333, DDR3/1333",500 GB,SATA,1,,,,black,,,,,SFF,45
1180150,2UA22605Y3,HP,4000 Pro SFF,,H3E60US#ABA,,C,9,Intel Pentium Dual Core E6600,3.06GHz,4 GB,"DDR3/1333, DDR3/1333",500 GB,SATA,1,,,,black,,,,,SFF,45
1180153,2UA22605SM,HP,4000 Pro SFF,,H3E60US#ABA,,B,8,Intel Pentium Dual Core E6600,3.06GHz,4 GB,"DDR3/1333, DDR3/1333",500 GB,SATA,1,,,,black,,,,,SFF,45
1069865,MXL128171L,HP,4000 Pro,,LA071UT#ABA,,A,92,Intel Pentium E6700 Dual Core,3.20 Ghz,400 GB,"DDR3/1333, DDR3/1333, DDR3/1333",250 GB,SATA/SSD,1,,,,Black,,,,,SFF,45
1178976,2UA3501B2S,HP,Pro 4300 SFF,,F7D87US#ABA,,B,9,Intel Pentium G2030 Dual Core,3.00 Ghz,8 GB,"DDR3/1333, DDR3/1333",500 GB,SATA,1,,,,BLACK,,,,,SFF,45
1178977,2UA3451FGK,HP,Pro 4300 SFF,,F7D87US#ABA,,A,9,Intel Pentium G2030 Dual Core,3.00 Ghz,4 GB,DDR3/1333,500 GB,SATA,1,,,,BLACK,,,,,SFF,45
1179004,2UA3451FH3,HP,Pro 4300 SFF,,F7D87US#ABA,,B,9,Intel Pentium G2030 Dual Core,3.00 Ghz,4 GB,DDR3/1333,500 GB,SATA,1,,,,black,,,,,SFF,45
1179006,2UA3500WZD,HP,Pro 4300 SFF,,F7D87US#ABA,,B,9,Intel Pentium G2030 Dual Core,3.00 Ghz,4 GB,DDR3/1333,500 GB,SATA,1,,,,black,,,,,SFF,45
1179100,2UA3500X0P,HP,Pro 4300 SFF,,F7D87US#ABA,,B,8,Intel Pentium G2030 Dual Core,3.00 Ghz,4 GB,DDR3/1333,500 GB,SATA,1,,,,black,,,,,SFF,45
1179101,2UA3501B6H,HP,Pro 4300 SFF,,F7D87US#ABA,,B,8,Intel Pentium G2030 Dual Core,3.00 Ghz,4 GB,DDR3/1333,500 GB,SATA,1,,,,black,,,,,SFF,45
1179103,2UA3501B7Q,HP,Pro 4300 SFF,,F7D87US#ABA,,B,8,Intel Pentium G2030 Dual Core,3.00 Ghz,4 GB,DDR3/1333,500 GB,SATA,1,,,,black,,,,,SFF,45
1179105,2UA3500WYM,HP,Pro 4300 SFF,,F7D87US#ABA,,B,8,Intel Pentium G2030 Dual Core,3.00 Ghz,4 GB,DDR3/1333,500 GB,SATA,1,,,,black,,,,,SFF,45
1179123,2UA3500WY5,HP,Pro 4300 SFF,,F7D87US#ABA,,B,8,Intel Pentium G2030 Dual Core,3.00 Ghz,4 GB,DDR3/1333,500 GB,SATA,1,,,,Black,,,,,SFF,45
1179125,2UA3500WW4,HP,Pro 4300 SFF,,F7D87US#ABA,,B,8,Intel Pentium G2030 Dual Core,3.00 Ghz,4 GB,DDR3/1333,500 GB,SATA,1,,,,Black,,,,,SFF,45
1179331,2UA3500WW5,HP,Pro 4300 SFF,,F7D87US#ABA,,B,8,Intel Pentium G2030 Dual Core,3.00 Ghz,4 GB,DDR3/1333,500 GB,SATA,1,,,,BLACK,,,,,SFF,45
1179336,2UA3500WZ4,HP,Pro 4300 SFF,,F7D87US#ABA,,B,8,Intel Pentium G2030 Dual Core,3.00 Ghz,4 GB,DDR3/1333,500 GB,SATA,1,,,,BLACK,,,,,SFF,45
1179389,2UA3451FG9,HP,Pro 4300 SFF,,F7D87US#ABA,,B,8,Intel Pentium G2030 Dual Core,3.00 Ghz,4 GB,DDR3/1333,500 GB,SATA,1,,,,BLACK,,,,,SFF,45
1179393,2UA3451FF9,HP,Pro 4300 SFF,,F7D87US#ABA,,B,9,Intel Pentium G2030 Dual Core,3.00 Ghz,4 GB,DDR3/1333,500 GB,SATA,1,,,,Black,,,,,SFF,45
1179397,2UA3500X14,HP,Pro 4300 SFF,,F7D87US#ABA,,B,9,Intel Pentium G2030 Dual Core,3.00 Ghz,4 GB,DDR3/1333,500 GB,SATA,1,,,,Black,,,,,SFF,45
1179398,2UA3451FJB,HP,Pro 4300 SFF,,F7D87US#ABA,,B,9,Intel Pentium G2030 Dual Core,3.00 Ghz,4 GB,DDR3/1333,500 GB,SATA,1,,,,Black,,,,,SFF,45
1179400,2UA3451FFN,HP,Pro 4300 SFF,,F7D87US#ABA,,B,8,Intel Pentium G2030 Dual Core,3.00 Ghz,4 GB,DDR3/1333,500 GB,SATA,1,,,,black,,,,,SFF,45
1179436,2UA3500WVV,HP,Pro 4300 SFF,,F7D87US#ABA,,B,9,Intel Pentium G2030 Dual Core,3.00 Ghz,4 GB,DDR3/1333,500 GB,SATA,1,,,,BLACK,,,,,SFF,45
1179437,2UA3501B38,HP,Pro 4300 SFF,,F7D87US#ABA,,B,9,Intel Pentium G2030 Dual Core,3.00 Ghz,4 GB,DDR3/1333,500 GB,SATA,1,,,,BLACK,,,,,SFF,45
1179443,2UA3501B5D,HP,Pro 4300 SFF,,F7D87US#ABA,,A,9,Intel Pentium G2030 Dual Core,3.00 Ghz,4 GB,DDR3/1333,500 GB,SATA,1,,,,BLACK,,,,,SFF,45
1179582,2UA3500X15,HP,Pro 4300 SFF,,F7D87US#ABA,,B,7,Intel Pentium G2030 Dual Core,3.00 Ghz,4 GB,DDR3/1333,500 GB,SATA,1,,,,Black,,,,,SFF,45
1179583,2UA3501B58,HP,Pro 4300 SFF,,F7D87US#ABA,,B,8,Intel Pentium G2030 Dual Core,3.00 Ghz,4 GB,DDR3/1333,500 GB,SATA,1,,,,black,,,,,SFF,45
1179585,2UA3500WY8,HP,Pro 4300 SFF,,F7D87US#ABA,,B,8,Intel Pentium G2030 Dual Core,3.00 Ghz,4 GB,DDR3/1333,500 GB,SATA,1,,,,BLACK,,,,,SFF,45
1179586,2UA3451FDC,HP,Pro 4300 SFF,,F7D87US#ABA,,B,8,Intel Pentium G2030 Dual Core,3.00 Ghz,4 GB,DDR3/1333,500 GB,SATA,1,,,,black,,,,,SFF,45
1179608,2UA3500WYJ,HP,Pro 4300 SFF,,F7D87US#ABA,,A,9,Intel Pentium G2030 Dual Core,3.00 Ghz,4 GB,DDR3/1333,500 GB,SATA,1,,,,BLACK,,,,,SFF,45
1179861,2UA3500WYR,HP,Pro 4300 SFF,,F7D87US#ABA,,C,8,Intel Pentium G2030 Dual Core,3.00 Ghz,4 GB,DDR3/1333,500 GB,SATA,1,,,,Black,,,,,SFF,45
1179862,2UA3451FC9,HP,Pro 4300 SFF,,F7D87US#ABA,,B,8,Intel Pentium G2030 Dual Core,3.00 Ghz,4 GB,DDR3/1333,500 GB,SATA,1,,,,Black,,,,,SFF,45
1179864,2UA3501B5M,HP,Pro 4300 SFF,,F7D87US#ABA,,B,9,Intel Pentium G2030 Dual Core,3.00 Ghz,4 GB,DDR3/1333,500 GB,SATA,1,,,,Black,,,,,SFF,45
1179866,2UA3500WZ2,HP,Pro 4300 SFF,,F7D87US#ABA,,B,8,Intel Pentium G2030 Dual Core,3.00 Ghz,4 GB,DDR3/1333,500 GB,SATA,1,,,,black,,,,,SFF,45
1179867,2UA3500X0Y,HP,Pro 4300 SFF,,F7D87US#ABA,,B,9,Intel Pentium G2030 Dual Core,3.00 Ghz,4 GB,DDR3/1333,500 GB,SATA,1,,,,Black,,,,,SFF,45
1179868,2UA3500WWB,HP,Pro 4300 SFF,,F7D87US#ABA,,B,9,Intel Pentium G2030 Dual Core,3.00 Ghz,4 GB,DDR3/1333,500 GB,SATA,1,,,,Black,,,,,SFF,45
1180102,2UA3500WVH,HP,Pro 4300 SFF,,F7D87US#ABA,,C,8,Intel Pentium G2030 Dual Core,3.00 Ghz,4 GB,DDR3/1333,500 GB,SATA,1,,,,black,,,,,SFF,45
1180104,2UA3501B77,HP,Pro 4300 SFF,,F7D87US#ABA,,B,8,Intel Pentium G2030 Dual Core,3.00 Ghz,4 GB,DDR3/1333,,,,,,,Black,,,,,SFF,45
1180116,2UA3451FBR,HP,Pro 4300 SFF,,F7D87US#ABA,,B,8,Intel Pentium G2030 Dual Core,3.00 Ghz,4 GB,DDR3/1333,500 GB,SATA,1,,,,Black,,,,,SFF,45
1180117,2UA3501B3J,HP,Pro 4300 SFF,,F7D87US#ABA,,B,8,Intel Pentium G2030 Dual Core,3.00 Ghz,4 GB,DDR3/1333,500 GB,SATA,1,,,,Black,,,,,SFF,45
1180121,2UA3501B79,HP,Pro 4300 SFF,,F7D87US#ABA,,B,8,Intel Pentium G2030 Dual Core,3.00 Ghz,4 GB,DDR3/1333,500 GB,SATA,1,,,,black,,,,,SFF,45
1180124,2UA3500WZ6,HP,Pro 4300 SFF,,F7D87US#ABA,,B,8,Intel Pentium G2030 Dual Core,3.00 Ghz,8 GB,"DDR3/1333, DDR3/1333",500 GB,SATA,1,,,,Black,,,,,SFF,45
1180127,2UA3501B5T,HP,Pro 4300 SFF,,F7D87US#ABA,,B,8,Intel Pentium G2030 Dual Core,3.00 Ghz,4 GB,DDR3/1333,500 GB,SATA,1,,,,black,,,,,SFF,45
1180129,2UA3500X17,HP,Pro 4300 SFF,,F7D87US#ABA,,B,8,Intel Pentium G2030 Dual Core,3.00 Ghz,4 GB,DDR3/1333,500 GB,SATA,1,,,,black,,,,,SFF,45
1180131,2UA3501B74,HP,Pro 4300 SFF,,F7D87US#ABA,,B,8,Intel Pentium G2030 Dual Core,3.00 Ghz,4 GB,DDR3/1333,500 GB,SATA,1,,,,black,,,,,SFF,45
1180180,2UA3501B3T,HP,Pro 4300 SFF,,F7D87US#ABA,,B,8,Intel Pentium G2030 Dual Core,3.00 Ghz,4 GB,DDR3/1333,500 GB,SATA,1,,,,black,,,,,SFF,45
1180181,2UA3500WX3,HP,Pro 4300 SFF,,F7D87US#ABA,,B,8,Intel Pentium G2030 Dual Core,3.00 Ghz,4 GB,DDR3/1333,500 GB,SATA,1,,,,black,,,,,SFF,45
1179278,MJ00FJFA,Lenovo,ThinkCentre M73,,S0D800,,B,8,Intel Pentium G3220 Dual Core,3.00 Ghz,4 GB,DDR3/1600,500 GB,SATA,1,,,,BLACK,,,,,SFF,45
1179405,MJ00FJF8,Lenovo,ThinkCentre M73,,10B4-B0D800,,B,8,Intel Pentium G3220 Dual Core,3.00 Ghz,4 GB,DDR3/1600,500 GB,SATA,1,,,,black,,,,,SFF,45
1179661,MJ00FJG7,Lenovo,ThinkCentre M73,,10B4-S0D800,,B,8,Intel Pentium G3220 Dual Core,3.00 Ghz,4 GB,DDR3/1600,500 GB,SATA,1,,,,BLACK,,,,,SFF,45
1179937,MJ00FJGF,Lenovo,ThinkCentre M73,,10B4-B0D800,,B,8,Intel Pentium G3220 Dual Core,3.00 Ghz,4 GB,DDR3/1600,500 GB,SATA,1,,,,black,,,,,SFF,45
1178964,2UA41814GF,HP,ProDesk 400 G1 SFF,,G5Z06US#ABA,,B,8,Intel Pentium G3420 Dual Core,3.20 Ghz,4 GB,DDR3/1600,500 GB,SATA,1,,,,BLACK,,,,,SFF,45
1178965,2UA4330H73,HP,ProDesk 400 G1 SFF,,G5Z06US#ABA,,B,9,Intel Pentium G3420 Dual Core,3.20 Ghz,4 GB,DDR3/1600,500 GB,SATA,1,,,,BLACK,,,,,SFF,45
1178966,2UA4090LJF,HP,ProDesk 400 G1 SFF,,G5Z06US#ABA,,B,12,Intel Pentium G3420 Dual Core,3.20 Ghz,4 GB,DDR3/1600,500 GB,SATA,1,,,,BLACK,,,,,SFF,45
1178967,2UA4261XKP,HP,ProDesk 400 G1 SFF,,G5Z06US#ABA,,A,9,Intel Pentium G3420 Dual Core,3.20 Ghz,4 GB,DDR3/1600,500 GB,SATA,1,,,,BLACK,,,,,SFF,45
1178968,2UA41814H0,HP,ProDesk 400 G1 SFF,,G5Z06US#ABA,,B,9,Intel Pentium G3420 Dual Core,3.20 Ghz,4 GB,DDR3/1600,500 GB,SATA,1,,,,BLACK,,,,,SFF,45
1178980,2UA4330H98,HP,ProDesk 400 G1 SFF,,G5Z06US#ABA,,A,9,Intel Pentium G3420 Dual Core,3.20 Ghz,4 GB,DDR3/1600,500 GB,SATA,1,,,,black,,,,,SFF,45
1178981,2UA4330H9F,HP,ProDesk 400 G1 SFF,,G5Z06US#ABA,,A,12,Intel Pentium G3420 Dual Core,3.20 Ghz,8 GB,"DDR3/1600, DDR3/1600",,,,,,,black,No OS Needed,,,,SFF,45
1178982,2UA4330HCN,HP,ProDesk 400 G1 SFF,,G5Z06US#ABA,,B,9,Intel Pentium G3420 Dual Core,3.20 Ghz,4 GB,DDR3/1600,500 GB,SATA,1,,,,black,,,,,SFF,45
1178983,2UA4090LHW,HP,ProDesk 400 G1 SFF,,G5Z06US#ABA,,B,12,Intel Pentium G3420 Dual Core,3.20 Ghz,4 GB,DDR3/1600,500 GB,SATA,1,,,,black,No OS Needed,,,,SFF,45
1178984,2UA4090LH5,HP,ProDesk 400 G1 SFF,,G5Z06US#ABA,,B,9,Intel Pentium G3420 Dual Core,3.20 Ghz,4 GB,DDR3/1600,500 GB,SATA,1,,,,black,,,,,SFF,45
1178985,2UA4261XJC,HP,ProDesk 400 G1 SFF,,G5Z06US#ABA,,B,9,Intel Pentium G3420 Dual Core,3.20 Ghz,4 GB,DDR3/1600,500 GB,SATA,1,,,,black,,,,,SFF,45
1179008,2UA4330H9C,HP,ProDesk 400 G1 SFF,,G5Z06US#ABA,,B,12,Intel Pentium G3420 Dual Core,3.20 Ghz,4 GB,DDR3/1600,500 GB,SATA,1,,,,BLACK,,,,,SFF,45
1179009,2UA41814LF,HP,ProDesk 400 G1 SFF,,G5Z06US#ABA,,B,12,Intel Pentium G3420 Dual Core,3.20 Ghz,4 GB,DDR3/1600,500 GB,SATA,1,,,,BLACK,,,,,SFF,45
1179012,2UA4221N1Q,HP,ProDesk 400 G1 SFF,,G5Z06US#ABA,,B,9,Intel Pentium G3420 Dual Core,3.20 Ghz,4 GB,DDR3/1600,500 GB,SATA,1,,,,black,,,,,SFF,45
1179034,2UA4090LGQ,HP,ProDesk 400 G1 SFF,,G5Z06US#ABA,,B,7,Intel Pentium G3420 Dual Core,3.20 Ghz,4 GB,DDR3/1600,500 GB,SATA,1,,,,BLACK,,,,,SFF,45
1179037,2UA4261XMK,HP,ProDesk 400 G1 SFF,,G5Z06US#ABA,,B,7,Intel Pentium G3420 Dual Core,3.20 Ghz,4 GB,DDR3/1600,500 GB,SATA,1,,,,BLACK,,,,,SFF,45
1179038,2UA4090LG0,HP,ProDesk 400 G1 SFF,,G5Z06US#ABA,,B,7,Intel Pentium G3420 Dual Core,3.20 Ghz,4 GB,DDR3/1600,500 GB,SATA,1,,,,BLACK,,,,,SFF,45
1179040,2UA4221N5V,HP,ProDesk 400 G1 SFF,,G5Z06US#ABA,,B,8,Intel Pentium G3420 Dual Core,3.20 Ghz,4 GB,DDR3/1600,500 GB,SATA,1,,,,Black,,,,,SFF,45
1179041,2UA4330H8X,HP,ProDesk 400 G1 SFF,,G5Z06US#ABA,,B,8,Intel Pentium G3420 Dual Core,3.20 Ghz,4 GB,DDR3/1600,500 GB,SATA,1,,,,Black,,,,,SFF,45
1179042,2UA41814G9,HP,ProDesk 400 G1 SFF,,G5Z06US#ABA,,B,8,Intel Pentium G3420 Dual Core,3.20 Ghz,4 GB,DDR3/1600,500 GB,SATA,1,,,,Black,,,,,SFF,45
1179045,2UA41814H7,HP,ProDesk 400 G1 SFF,,G5Z06US#ABA,,C,7,Intel Pentium G3420 Dual Core,3.20 Ghz,4 GB,DDR3/1600,500 GB,SATA,1,,,,black,,,,,SFF,45
1179046,2UA4141DY3,HP,ProDesk 400 G1 SFF,,G5Z06US#ABA,,B,8,Intel Pentium G3420 Dual Core,3.20 Ghz,4 GB,DDR3/1600,500 GB,SATA,1,,,,Black,,,,,SFF,45
1179048,2UA4090LHM,HP,ProDesk 400 G1 SFF,,G5Z06US#ABA,,B,8,Intel Pentium G3420 Dual Core,3.20 Ghz,4 GB,DDR3/1600,500 GB,SATA,1,,,,Black,,,,,SFF,45
1179056,2UA4330HCR,HP,ProDesk 400 G1 SFF,,G5Z06US#ABA,,B,9,Intel Pentium G3420 Dual Core,3.20 Ghz,4 GB,DDR3/1600,500 GB,SATA,1,,,,black,,,,,SFF,45
1179058,2UA4141DXT,HP,ProDesk 400 G1 SFF,,G5Z06US#ABA,,B,9,Intel Pentium G3420 Dual Core,3.20 Ghz,4 GB,DDR3/1600,500 GB,SATA,1,,,,black,,,,,SFF,45
1179059,2UA41814G1,HP,ProDesk 400 G1 SFF,,G5Z06US#ABA,,B,8,Intel Pentium G3420 Dual Core,3.20 Ghz,4 GB,DDR3/1600,500 GB,SATA,1,,,,Black,,,,,SFF,45
1179061,2UA41814JY,HP,ProDesk 400 G1 SFF,,G5Z06US#ABA,,C,8,Intel Pentium G3420 Dual Core,3.20 Ghz,4 GB,DDR3/1600,500 GB,SATA,1,,,,Black,,,,,SFF,45
1179063,2UA4141F1L,HP,ProDesk 400 G1 SFF,,G5Z06US#ABA,,B,8,Intel Pentium G3420 Dual Core,3.20 Ghz,4 GB,DDR3/1600,500 GB,SATA,1,,,,Black,,,,,SFF,45
1179064,2UA41814GC,HP,ProDesk 400 G1 SFF,,G5Z06US#ABA,,B,8,Intel Pentium G3420 Dual Core,3.20 Ghz,4 GB,DDR3/1600,500 GB,SATA,1,,,,Black,,,,,SFF,45
1179066,2UA4330H96,HP,ProDesk 400 G1 SFF,,G5Z06US#ABA,,B,8,Intel Pentium G3420 Dual Core,3.20 Ghz,4 GB,DDR3/1600,500 GB,SATA,1,,,,Black,,,,,SFF,45
1179068,2UA4330H6P,HP,ProDesk 400 G1 SFF,,G5Z06US#ABA,,B,8,Intel Pentium G3420 Dual Core,3.20 Ghz,4 GB,DDR3/1600,500 GB,SATA,1,,,,Black,,,,,SFF,45
1179089,2UA4090LHG,HP,ProDesk 400 G1 SFF,,G5Z06US#ABA,,B,9,Intel Pentium G3420 Dual Core,3.20 Ghz,4 GB,DDR3/1600,500 GB,SATA,1,,,,black,,,,,SFF,45
1179091,2UA4141DZ9,HP,ProDesk 400 G1 SFF,,G5Z06US#ABA,,B,8,Intel Pentium G3420 Dual Core,3.20 Ghz,4 GB,DDR3/1600,500 GB,SATA,1,,,,Black,,,,,SFF,45
1179092,2UA4330H6Z,HP,ProDesk 400 G1 SFF,,G5Z06US#ABA,,B,9,Intel Pentium G3420 Dual Core,3.20 Ghz,4 GB,DDR3/1600,500 GB,SATA,1,,,,black,,,,,SFF,45
1179093,2UA4330HBC,HP,ProDesk 400 G1 SFF,,G5Z06US#ABA,,B,9,Intel Pentium G3420 Dual Core,3.20 Ghz,4 GB,DDR3/1600,500 GB,SATA,1,,,,black,,,,,SFF,45
1179094,2UA4090LG1,HP,ProDesk 400 G1 SFF,,G5Z06US#ABA,,B,8,Intel Pentium G3420 Dual Core,3.20 Ghz,4 GB,DDR3/1600,500 GB,SATA,1,,,,black,,,,,SFF,45
1179096,2UA41814N9,HP,ProDesk 400 G1 SFF,,G5Z06US#ABA,,C,9,Intel Pentium G3420 Dual Core,3.20 Ghz,4 GB,DDR3/1600,500 GB,SATA,1,,,,black,,,,,SFF,45
1179299,2UA4090LFX,HP,ProDesk 400 G1 SFF,,G5Z06US#ABA,,B,12,Intel Pentium G3420 Dual Core,3.20 Ghz,4 GB,DDR3/1600,500 GB,SATA,1,,,,Black,No OS Needed,,,,SFF,45
1179304,2UA4330H6F,HP,ProDesk 400 G1 SFF,,G5Z06US#ABA,,B,12,Intel Pentium G3420 Dual Core,3.20 Ghz,4 GB,DDR3/1600,500 GB,SATA,1,,,,Black,No OS Needed,,,,SFF,45
1179306,2UA4221N16,HP,ProDesk 400 G1 SFF,,G5Z06US#ABA,,B,12,Intel Pentium G3420 Dual Core,3.20 Ghz,4 GB,DDR3/1600,500 GB,SATA,1,,,,Black,No OS Needed,,,,SFF,45
1179308,2UA4090LHL,HP,ProDesk 400 G1 SFF,,G5Z06US#ABA,,B,8,Intel Pentium G3420 Dual Core,3.20 Ghz,4 GB,DDR3/1600,500 GB,SATA,1,,,,BLACK,,,,,SFF,45
1179310,2UA41814M1,HP,ProDesk 400 G1 SFF,,G5Z06US#ABA,,B,7,Intel Pentium G3420 Dual Core,3.20 Ghz,4 GB,DDR3/1600,500 GB,SATA,1,,,,BLACK,,,,,SFF,45
1179311,2UA4330H6W,HP,ProDesk 400 G1 SFF,,G5Z06US#ABA,,B,9,Intel Pentium G3420 Dual Core,3.20 Ghz,4 GB,DDR3/1600,500 GB,SATA,1,,,,Black,,,,,SFF,45
1179312,2UA4221N0P,HP,ProDesk 400 G1 SFF,,G5Z06US#ABA,,B,8,Intel Pentium G3420 Dual Core,3.20 Ghz,4 GB,DDR3/1600,500 GB,SATA,1,,,,black,,,,,SFF,45
1179314,2UA41814J3,HP,ProDesk 400 G1 SFF,,G5Z06US#ABA,,B,7,Intel Pentium G3420 Dual Core,3.20 Ghz,4 GB,DDR3/1600,500 GB,SATA,1,,,,BLACK,,,,,SFF,45
1179315,2UA4261XMZ,HP,ProDesk 400 G1 SFF,,G5Z06US#ABA,,B,8,Intel Pentium G3420 Dual Core,3.20 Ghz,4 GB,DDR3/1600,500 GB,SATA,1,,,,black,,,,,SFF,45
1179316,2UA4090LKG,HP,ProDesk 400 G1 SFF,,G5Z06US#ABA,,B,7,Intel Pentium G3420 Dual Core,3.20 Ghz,4 GB,DDR3/1600,500 GB,SATA,1,,,,BLACK,,,,,SFF,45
1179317,2UA4221N1N,HP,ProDesk 400 G1 SFF,,G5Z06US#ABA,,B,9,Intel Pentium G3420 Dual Core,3.20 Ghz,4 GB,DDR3/1600,500 GB,SATA,1,,,,BLACK,,,,,SFF,45
1179319,2UA4090LJ7,HP,ProDesk 400 G1 SFF,,G5Z06US#ABA,,B,8,Intel Pentium G3420 Dual Core,3.20 Ghz,4 GB,DDR3/1600,500 GB,SATA,1,,,,BLACK,,,,,SFF,45
1179327,2UA4141DY9,HP,ProDesk 400 G1 SFF,,G5Z06US#ABA,,B,8,Intel Pentium G3420 Dual Core,3.20 Ghz,4 GB,DDR3/1600,500 GB,SATA,1,,,,BLACK,,,,,SFF,45
1179332,2UA41814MX,HP,ProDesk 400 G1 SFF,,G5Z06US#ABA,,A,8,Intel Pentium G3420 Dual Core,3.20 Ghz,4 GB,DDR3/1600,500 GB,SATA,1,,,,BLACK,,,,,SFF,45
1179334,2UA4330H6L,HP,ProDesk 400 G1 SFF,,G5Z06US#ABA,,B,8,Intel Pentium G3420 Dual Core,3.20 Ghz,4 GB,DDR3/1600,500 GB,SATA,1,,,,BLACK,,,,,SFF,45
1179335,2UA4330H6G,HP,ProDesk 400 G1 SFF,,G5Z06US#ABA,,B,9,Intel Pentium G3420 Dual Core,3.20 Ghz,4 GB,DDR3/1600,500 GB,SATA,1,,,,BLACK,,,,,SFF,45
1179337,2UA4261XJY,HP,ProDesk 400 G1 SFF,,G5Z06US#ABA,,B,8,Intel Pentium G3420 Dual Core,3.20 Ghz,4 GB,DDR3/1600,500 GB,SATA,1,,,,black,,,,,SFF,45
1179340,2UA4261XNC,HP,ProDesk 400 G1 SFF,,G5Z06US#ABA,,B,8,Intel Pentium G3420 Dual Core,3.20 Ghz,4 GB,DDR3/1600,500 GB,SATA,1,,,,BLACK,,,,,SFF,45
1179342,2UA4261XPG,HP,ProDesk 400 G1 SFF,,G5Z06US#ABA,,B,7,Intel Pentium G3420 Dual Core,3.20 Ghz,4 GB,DDR3/1600,500 GB,SATA,1,,,,BLACK,,,,,SFF,45
1179343,2UA4090LKP,HP,ProDesk 400 G1 SFF,,G5Z06US#ABA,,B,8,Intel Pentium G3420 Dual Core,3.20 Ghz,4 GB,DDR3/1600,500 GB,SATA,1,,,,black,,,,,SFF,45
1179344,2UA4090LK8,HP,ProDesk 400 G1 SFF,,G5Z06US#ABA,,B,7,Intel Pentium G3420 Dual Core,3.20 Ghz,4 GB,DDR3/1600,500 GB,SATA,1,,,,BLACK,,,,,SFF,45
1179345,2UA4221N5D,HP,ProDesk 400 G1 SFF,,G5Z06US#ABA,,B,8,Intel Pentium G3420 Dual Core,3.20 Ghz,4 GB,DDR3/1600,500 GB,SATA,1,,,,BLACK,,,,,SFF,45
1179350,2UA4141DZJ,HP,ProDesk 400 G1 SFF,,G5Z06US#ABA,,B,12,Intel Pentium G3420 Dual Core,3.20 Ghz,4 GB,DDR3/1600,500 GB,SATA,1,,,,Black,No OS Needed,,,,SFF,45
1179351,2UA4261XJ9,HP,ProDesk 400 G1 SFF,,G5Z06US#ABA,,B,8,Intel Pentium G3420 Dual Core,3.20 Ghz,4 GB,DDR3/1600,500 GB,SATA,1,,,,BLACK,,,,,SFF,45
1179353,2UA41814JF,HP,ProDesk 400 G1 SFF,,G5Z06US#ABA,,B,9,Intel Pentium G3420 Dual Core,3.20 Ghz,4 GB,DDR3/1600,500 GB,SATA,1,,,,BLACK,,,,,SFF,45
1179354,2UA4261XNW,HP,ProDesk 400 G1 SFF,,G5Z06US#ABA,,B,12,Intel Pentium G3420 Dual Core,3.20 Ghz,4 GB,DDR3/1600,500 GB,SATA,1,,,,Black,No OS Needed,,,,SFF,45
1179357,2UA4261XL5,HP,ProDesk 400 G1 SFF,,G5Z06US#ABA,,B,9,Intel Pentium G3420 Dual Core,3.20 Ghz,4 GB,DDR3/1600,500 GB,SATA,1,,,,BLACK,,,,,SFF,45
1179375,2UA4221N31,HP,ProDesk 400 G1 SFF,,G5Z06US#ABA,,B,9,Intel Pentium G3420 Dual Core,3.20 Ghz,4 GB,DDR3/1600,500 GB,SATA,1,,,,BLACK,,,,,SFF,45
1179377,2UA4141DXN,HP,ProDesk 400 G1 SFF,,G5Z06US#ABA,,B,9,Intel Pentium G3420 Dual Core,3.20 Ghz,4 GB,DDR3/1600,500 GB,SATA,1,,,,BLACK,,,,,SFF,45
1179380,2UA4221N3L,HP,ProDesk 400 G1 SFF,,G5Z06US#ABA,,B,12,Intel Pentium G3420 Dual Core,3.20 Ghz,4 GB,DDR3/1600,500 GB,SATA,1,,,,Black,No OS Needed,,,,SFF,45
1179382,2UA4221N1X,HP,ProDesk 400 G1 SFF,,G5Z06US#ABA,,B,12,Intel Pentium G3420 Dual Core,3.20 Ghz,4 GB,DDR3/1600,500 GB,SATA,1,,,,Black,No OS Needed,,,,SFF,45
1179385,2UA4090LKW,HP,ProDesk 400 G1 SFF,,G5Z06US#ABA,,B,12,Intel Pentium G3420 Dual Core,3.20 Ghz,4 GB,DDR3/1600,500 GB,SATA,1,,,,Black,No OS Needed,,,,SFF,45
1179387,2UA4090LK2,HP,ProDesk 400 G1 SFF,,G5Z06US#ABA,,A,12,Intel Pentium G3420 Dual Core,3.20 Ghz,4 GB,DDR3/1600,500 GB,SATA,1,,,,BLACK,,,,,SFF,45
1179390,2UA41814K7,HP,ProDesk 400 G1 SFF,,G5Z06US#ABA,,B,12,Intel Pentium G3420 Dual Core,3.20 Ghz,4 GB,DDR3/1600,500 GB,SATA,1,,,,Black,No OS Needed,,,,SFF,45
1179474,2UA4261XKR,HP,ProDesk 400 G1 SFF,,G5Z06US#ABA,,B,8,Intel Pentium G3420 Dual Core,3.20 Ghz,4 GB,DDR3/1600,500 GB,SATA,1,,,,black,,,,,SFF,45
1179477,2UA4261XMV,HP,ProDesk 400 G1 SFF,,G5Z06US#ABA,,B,8,Intel Pentium G3420 Dual Core,3.20 Ghz,4 GB,DDR3/1600,500 GB,SATA,1,,,,black,,,,,SFF,45
1179478,2UA4330H6Q,HP,ProDesk 400 G1 SFF,,G5Z06US#ABA,,B,9,Intel Pentium G3420 Dual Core,3.20 Ghz,4 GB,DDR3/1600,500 GB,SATA,1,,,,Black,,,,,SFF,45
1179480,2UA4221N66,HP,ProDesk 400 G1 SFF,,G5Z06US#ABA,,B,9,Intel Pentium G3420 Dual Core,3.20 Ghz,4 GB,DDR3/1600,500 GB,SATA,1,,,,Black,,,,,SFF,45
1179482,2UA41814JC,HP,ProDesk 400 G1 SFF,,G5Z06US#ABA,,B,9,Intel Pentium G3420 Dual Core,3.20 Ghz,4 GB,DDR3/1600,500 GB,SATA,1,,,,Black,,,,,SFF,45
1179483,2UA41814GX,HP,ProDesk 400 G1 SFF,,G5Z06US#ABA,,B,9,Intel Pentium G3420 Dual Core,3.20 Ghz,4 GB,DDR3/1600,500 GB,SATA,1,,,,Black,,,,,SFF,45
1179489,2UA4090LGF,HP,ProDesk 400 G1 SFF,,G5Z06US#ABA,,B,8,Intel Pentium G3420 Dual Core,3.20 Ghz,4 GB,DDR3/1600,500 GB,SATA,1,,,,black,,,,,SFF,45
1179492,2UA41814N8,HP,ProDesk 400 G1 SFF,,G5Z06US#ABA,,B,8,Intel Pentium G3420 Dual Core,3.20 Ghz,4 GB,DDR3/1600,500 GB,SATA,1,,,,black,,,,,SFF,45
1179494,2UA4090LK6,HP,ProDesk 400 G1 SFF,,G5Z06US#ABA,,B,8,Intel Pentium G3420 Dual Core,3.20 Ghz,4 GB,DDR3/1600,500 GB,SATA,1,,,,black,,,,,SFF,45
1179496,2UA4141F1W,HP,ProDesk 400 G1 SFF,,G5Z06US#ABA,,B,8,Intel Pentium G3420 Dual Core,3.20 Ghz,4 GB,DDR3/1600,500 GB,SATA,1,,,,black,,,,,SFF,45
1179497,2UA4141DZ0,HP,ProDesk 400 G1 SFF,,G5Z06US#ABA,,B,9,Intel Pentium G3420 Dual Core,3.20 Ghz,4 GB,DDR3/1600,500 GB,SATA/SSD,1,,,,Black,,,,,SFF,45
1179498,2UA4261XM9,HP,ProDesk 400 G1 SFF,,G5Z06US#ABA,,B,9,Intel Pentium G3420 Dual Core,3.20 Ghz,4 GB,DDR3/1600,500 GB,SATA,1,,,,Black,,,,,SFF,45
1179532,2UA4141F1F,HP,ProDesk 400 G1 SFF,,G5Z06US#ABA,,B,9,Intel Pentium G3420 Dual Core,3.20 Ghz,4 GB,DDR3/1600,500 GB,SATA,1,,,,Black,,,,,SFF,45
1179533,2UA4141DVR,HP,ProDesk 400 G1 SFF,,G5Z06US#ABA,,C,8,Intel Pentium G3420 Dual Core,3.20 Ghz,4 GB,DDR3/1600,500 GB,SATA,1,,,,Black,,,,,SFF,45
1179535,2UA4330H67,HP,ProDesk 400 G1 SFF,,G5Z06US#ABA,,B,9,Intel Pentium G3420 Dual Core,3.20 Ghz,4 GB,DDR3/1600,500 GB,SATA,1,,,,Black,,,,,SFF,45
1179537,2UA4090LG2,HP,ProDesk 400 G1 SFF,,G5Z06US#ABA,,B,9,Intel Pentium G3420 Dual Core,3.20 Ghz,4 GB,DDR3/1600,500 GB,SATA,1,,,,Black,,,,,SFF,45
1179539,2UA4261XLZ,HP,ProDesk 400 G1 SFF,,G5Z06US#ABA,,B,9,Intel Pentium G3420 Dual Core,3.20 Ghz,4 GB,DDR3/1600,500 GB,SATA,1,,,,Black,,,,,SFF,45
1179540,2UA4141F14,HP,ProDesk 400 G1 SFF,,G5Z06US#ABA,,B,9,Intel Pentium G3420 Dual Core,3.20 Ghz,4 GB,DDR3/1600,500 GB,SATA,1,,,,Black,,,,,SFF,45
1179542,2UA4261XN8,HP,ProDesk 400 G1 SFF,,G5Z06US#ABA,,C,8,Intel Pentium G3420 Dual Core,3.20 Ghz,4 GB,DDR3/1600,500 GB,SATA,1,,,,black,,,,,SFF,45
1179543,2UA4141DZ2,HP,ProDesk 400 G1 SFF,,G5Z06US#ABA,,B,9,Intel Pentium G3420 Dual Core,3.20 Ghz,4 GB,DDR3/1600,500 GB,SATA,1,,,,Black,,,,,SFF,45
1179548,2UA4221N4X,HP,ProDesk 400 G1 SFF,,G5Z06US#ABA,,B,9,Intel Pentium G3420 Dual Core,3.20 Ghz,8 GB,"DDR3/1600, DDR3/1600",500 GB,SATA,1,,,,BLACK,,,,,SFF,45
1179549,2UA4090LMB,HP,ProDesk 400 G1 SFF,,G5Z06US#ABA,,C,7,Intel Pentium G3420 Dual Core,3.20 Ghz,4 GB,DDR3/1600,500 GB,SATA,1,,,,Black,,,,,SFF,45
1179550,2UA4141DZG,HP,ProDesk 400 G1 SFF,,G5Z06US#ABA,,B,9,Intel Pentium G3420 Dual Core,3.20 Ghz,4 GB,DDR3/1600,500 GB,SATA,1,,,,Black,,,,,SFF,45
1179552,2UA4261XL9,HP,ProDesk 400 G1 SFF,,G5Z06US#ABA,,B,9,Intel Pentium G3420 Dual Core,3.20 Ghz,4 GB,DDR3/1600,500 GB,SATA,1,,,,Black,,,,,SFF,45
1179553,2UA4141DYR,HP,ProDesk 400 G1 SFF,,G5Z06US#ABA,,B,12,Intel Pentium G3420 Dual Core,3.20 Ghz,4 GB,DDR3/1600,500 GB,SATA,1,,,,BLACK,,,,,SFF,45
1179557,2UA41814MT,HP,ProDesk 400 G1 SFF,,G5Z06US#ABA,,B,9,Intel Pentium G3420 Dual Core,3.20 Ghz,4 GB,DDR3/1600,500 GB,SATA,1,,,,BLACK,,,,,SFF,45
1179559,2UA4330H8F,HP,ProDesk 400 G1 SFF,,G5Z06US#ABA,,B,9,Intel Pentium G3420 Dual Core,3.20 Ghz,4 GB,DDR3/1600,500 GB,SATA,1,,,,BLACK,,,,,SFF,45
1179568,2UA4141DXZ,HP,ProDesk 400 G1 SFF,,G5Z06US#ABA,,B,8,Intel Pentium G3420 Dual Core,3.20 Ghz,4 GB,DDR3/1600,500 GB,SATA,1,,,,black,,,,,SFF,45
1179571,2UA4330HCQ,HP,ProDesk 400 G1 SFF,,G5Z06US#ABA,,C,8,Intel Pentium G3420 Dual Core,3.20 Ghz,4 GB,DDR3/1600,500 GB,SATA,1,,,,black,,,,,SFF,45
1179576,2UA4330H6C,HP,ProDesk 400 G1 SFF,,G5Z06US#ABA,,B,8,Intel Pentium G3420 Dual Core,3.20 Ghz,4 GB,DDR3/1600,500 GB,SATA,1,,,,BLACK,,,,,SFF,45
1179584,2UA4261XKZ,HP,ProDesk 400 G1 SFF,,G5Z06US#ABA,,B,9,Intel Pentium G3420 Dual Core,3.20 Ghz,4 GB,DDR3/1600,500 GB,SATA,1,,,,BLACK,,,,,SFF,45
1179589,2UA41814HG,HP,ProDesk 400 G1 SFF,,G5Z06US#ABA,,B,9,Intel Pentium G3420 Dual Core,3.20 Ghz,4 GB,DDR3/1600,500 GB,SATA,1,,,,Black,,,,,SFF,45
1179611,2UA4261XLV,HP,ProDesk 400 G1 SFF,,G5Z06US#ABA,,B,8,Intel Pentium G3420 Dual Core,3.20 Ghz,4 GB,DDR3/1600,500 GB,SATA,1,,,,black,,,,,SFF,45
1179681,2UA4141DWX,HP,ProDesk 400 G1 SFF,,G5Z06US#ABA,,B,8,Intel Pentium G3420 Dual Core,3.20 Ghz,4 GB,DDR3/1600,500 GB,SATA,1,,,,BLACK,,,,,SFF,45
1179682,2UA4090LM6,HP,ProDesk 400 G1 SFF,,G5Z06US#ABA,,B,9,Intel Pentium G3420 Dual Core,3.20 Ghz,4 GB,DDR3/1600,,,,,,,BLACK,missing optical drive,,,,SFF,45
1179683,2UA4221N2H,HP,ProDesk 400 G1 SFF,,G5Z06US#ABA,,B,7,Intel Pentium G3420 Dual Core,3.20 Ghz,6 GB,"DDR3/1600, DDR3/1333",,,,,,,Black,,,,,SFF,45
1179687,2UA4330H7M,HP,ProDesk 400 G1 SFF,,G5Z06US#ABA,,B,7,Intel Pentium G3420 Dual Core,3.20 Ghz,4 GB,DDR3/1600,500 GB,SATA,1,,,,Black,,,,,SFF,45
1179691,2UA4221N46,HP,ProDesk 400 G1 SFF,,G5Z06US#ABA,,B,8,Intel Pentium G3420 Dual Core,3.20 Ghz,4 GB,DDR3/1600,500 GB,SATA,1,,,,black,,,,,SFF,45
1179707,2UA4330H8Y,HP,ProDesk 400 G1 SFF,,G5Z06US#ABA,,B,9,Intel Pentium G3420 Dual Core,3.20 Ghz,4 GB,DDR3/1600,500 GB,SATA,1,,,,Black,,,,,SFF,45
1179708,2UA41814ML,HP,ProDesk 400 G1 SFF,,G5Z06US#ABA,,B,9,Intel Pentium G3420 Dual Core,3.20 Ghz,4 GB,DDR3/1600,500 GB,SATA,1,,,,Black,,,,,SFF,45
1179710,2UA4261XLT,HP,ProDesk 400 G1 SFF,,G5Z06US#ABA,,B,9,Intel Pentium G3420 Dual Core,3.20 Ghz,4 GB,DDR3/1600,500 GB,SATA,1,,,,Black,,,,,SFF,45
1179712,2UA4221N6J,HP,ProDesk 400 G1 SFF,,G5Z06US#ABA,,B,9,Intel Pentium G3420 Dual Core,3.20 Ghz,4 GB,DDR3/1600,500 GB,SATA,1,,,,Black,,,,,SFF,45
1179714,2UA41814GV,HP,ProDesk 400 G1 SFF,,G5Z06US#ABA,,B,9,Intel Pentium G3420 Dual Core,3.20 Ghz,4 GB,DDR3/1600,500 GB,SATA,1,,,,Black,,,,,SFF,45
1180072,2UA4330H8M,HP,ProDesk 400 G1 SFF,,G5Z06US#ABA,,B,9,Intel Pentium G3420 Dual Core,3.20 Ghz,4 GB,DDR3/1600,500 GB,SATA,1,,,,Black,,,,,SFF,45
1180075,2UA4261XNK,HP,ProDesk 400 G1 SFF,,G5Z06US#ABA,,B,8,Intel Pentium G3420 Dual Core,3.20 Ghz,4 GB,DDR3/1600,500 GB,SATA,1,,,,black,,,,,SFF,45
1180076,2UA4141DVY,HP,ProDesk 400 G1 SFF,,G5Z06US#ABA,,B,8,Intel Pentium G3420 Dual Core,3.20 Ghz,4 GB,DDR3/1600,500 GB,SATA,1,,,,Black,,,,,SFF,45
1180084,2UA4261XKX,HP,ProDesk 400 G1 SFF,,G5Z06US#ABA,,B,8,Intel Pentium G3420 Dual Core,3.20 Ghz,4 GB,DDR3/1600,500 GB,SATA,1,,,,Black,,,,,SFF,45
1180086,2UA4090LMW,HP,ProDesk 400 G1 SFF,,G5Z06US#ABA,,C,9,Intel Pentium G3420 Dual Core,3.20 Ghz,4 GB,DDR3/1600,500 GB,SATA,1,,,,black,,,,,SFF,45
1180187,2UA4261XJK,HP,ProDesk 400 G1 SFF,,G5Z06US#ABA,,B,8,Intel Pentium G3420 Dual Core,3.20 Ghz,4 GB,DDR3/1600,500 GB,SATA,1,,,,black,,,,,SFF,45
1180189,2UA4090LKY,HP,ProDesk 400 G1 SFF,,G5Z06US#ABA,,B,8,Intel Pentium G3420 Dual Core,3.20 Ghz,4 GB,DDR3/1600,500 GB,SATA,1,,,,black,,,,,SFF,45
1180190,2UA4141F0R,HP,ProDesk 400 G1 SFF,,G5Z06US#ABA,,B,8,Intel Pentium G3420 Dual Core,3.20 Ghz,4 GB,DDR3/1600,500 GB,SATA,1,,,,black,,,,,SFF,45
1178970,2UA45025S1,HP,ProDesk 400 G1 SFF,,K6J27US#ABA,,B,8,Intel Pentium G3450 Dual Core,3.40 Ghz,4 GB,DDR3/1600,500 GB,SATA,1,,,,black,,,,,SFF,45
1178973,2UA43922M1,HP,ProDesk 400 G1 SFF,,K6J27US#ABA,,B,9,Intel Pentium G3450 Dual Core,3.40 Ghz,4 GB,DDR3/1600,500 GB,SATA,1,,,,BLACK,,,,,SFF,45
1178986,2UA43922NG,HP,ProDesk 400 G1 SFF,,K6J27US#ABA,,B,9,Intel Pentium G3450 Dual Core,3.40 Ghz,8 GB,"DDR3/1600, DDR3/1600",500 GB,SATA,1,,,,black,,,,,SFF,45
1178988,2UA45025WK,HP,ProDesk 400 G1 SFF,,K6J27US#ABA,,A,9,Intel Pentium G3450 Dual Core,3.40 Ghz,4 GB,DDR3/1600,500 GB,SATA,1,,,,black,,,,,SFF,45
1178989,2UA43922H6,HP,ProDesk 400 G1 SFF,,K6J27US#ABA,,B,9,Intel Pentium G3450 Dual Core,3.40 Ghz,8 GB,DDR3/1600,500 GB,SATA,1,,,,BLACK,,,,,SFF,45
1179002,2UA43922MX,HP,ProDesk 400 G1 SFF,,K6J27US#ABA,,B,9,Intel Pentium G3450 Dual Core,3.40 Ghz,4 GB,DDR3/1600,500 GB,SATA,1,,,,black,,,,,SFF,45
1179003,2UA43922GY,HP,ProDesk 400 G1 SFF,,K6J27US#ABA,,B,9,Intel Pentium G3450 Dual Core,3.40 Ghz,4 GB,DDR3/1600,500 GB,SATA,1,,,,black,,,,,SFF,45
1179013,2UA4411K8X,HP,ProDesk 400 G1 SFF,,K6J27US#ABA,,B,7,Intel Pentium G3450 Dual Core,3.40 Ghz,4 GB,DDR3/1600,500 GB,SATA,1,,,,BLACK,,,,,SFF,45
1179015,2UA4411K9K,HP,ProDesk 400 G1 SFF,,K6J27US#ABA,,B,7,Intel Pentium G3450 Dual Core,3.40 Ghz,4 GB,DDR3/1600,500 GB,SATA,1,,,,BLACK,,,,,SFF,45
1179017,2UA4411K8D,HP,ProDesk 400 G1 SFF,,K6J27US#ABA,,B,8,Intel Pentium G3450 Dual Core,3.40 Ghz,4 GB,DDR3/1600,500 GB,SATA,1,,,,black,,,,,SFF,45
1179020,2UA4411K69,HP,ProDesk 400 G1 SFF,,K6J27US#ABA,,B,8,Intel Pentium G3450 Dual Core,3.40 Ghz,4 GB,DDR3/1600,500 GB,SATA,1,,,,black,,,,,SFF,45
1179023,2UA43922L7,HP,ProDesk 400 G1 SFF,,K6J27US#ABA,,B,7,Intel Pentium G3450 Dual Core,3.40 Ghz,4 GB,DDR3/1600,500 GB,SATA,1,,,,BLACK,,,,,SFF,45
1179025,2UA4411K6F,HP,ProDesk 400 G1 SFF,,K6J27US#ABA,,B,8,Intel Pentium G3450 Dual Core,3.40 Ghz,4 GB,DDR3/1600,500 GB,SATA,1,,,,black,,,,,SFF,45
1179065,2UA43922KG,HP,ProDesk 400 G1 SFF,,K6J27US#ABA,,B,9,Intel Pentium G3450 Dual Core,3.40 Ghz,4 GB,DDR3/1600,500 GB,SATA,1,,,,black,,,,,SFF,45
1179067,2UA43922KV,HP,ProDesk 400 G1 SFF,,K6J27US#ABA,,B,9,Intel Pentium G3450 Dual Core,3.40 Ghz,4 GB,DDR3/1600,500 GB,SATA,1,,,,black,,,,,SFF,45
1179069,2UA4411K6W,HP,ProDesk 400 G1 SFF,,K6J27US#ABA,,B,9,Intel Pentium G3450 Dual Core,3.40 Ghz,4 GB,DDR3/1600,500 GB,SATA,1,,,,BLACK,,,,,SFF,45
1179086,2UA43922LR,HP,ProDesk 400 G1 SFF,,K6J27US#ABA,,B,8,Intel Pentium G3450 Dual Core,3.40 Ghz,4 GB,DDR3/1600,500 GB,SATA,1,,,,black,,,,,SFF,45
1179361,2UA45025R0,HP,ProDesk 400 G1 SFF,,K6J27US#ABA,,C,9,Intel Pentium G3450 Dual Core,3.40 Ghz,4 GB,DDR3/1600,500 GB,SATA,1,,,,BLACK,,,,,SFF,45
1179363,2UA43922KM,HP,ProDesk 400 G1 SFF,,K6J27US#ABA,,B,8,Intel Pentium G3450 Dual Core,3.40 Ghz,4 GB,DDR3/1600,500 GB,SATA,1,,,,black,,,,,SFF,45
1179365,2UA4411K8H,HP,ProDesk 400 G1 SFF,,K6J27US#ABA,,B,9,Intel Pentium G3450 Dual Core,3.40 Ghz,8 GB,"DDR3/1600, DDR3/1600",500 GB,SSD,1,,,,BLACK,,,,,SFF,45
1179366,2UA45025WG,HP,ProDesk 400 G1 SFF,,K6J27US#ABA,,C,9,Intel Pentium G3450 Dual Core,3.40 Ghz,4 GB,DDR3/1600,500 GB,SATA,1,,,,BLACK,,,,,SFF,45
1179368,2UA4411K94,HP,ProDesk 400 G1 SFF,,K6J27US#ABA,,B,9,Intel Pentium G3450 Dual Core,3.40 Ghz,4 GB,DDR3/1600,500 GB,SATA,1,,,,BLACK,,,,,SFF,45
1179369,2UA43922N7,HP,ProDesk 400 G1 SFF,,K6J27US#ABA,,C,9,Intel Pentium G3450 Dual Core,3.40 Ghz,4 GB,DDR3/1600,500 GB,SATA,1,,,,BLACK,,,,,SFF,45
1179410,2UA43922N3,HP,ProDesk 400 G1 SFF,,K6J27US#ABA,,B,8,Intel Pentium G3450 Dual Core,3.40 Ghz,4 GB,DDR3/1600,500 GB,SATA,1,,,,BLACK,,,,,SFF,45
1179412,2UA4411K5C,HP,ProDesk 400 G1 SFF,,K6J27US#ABA,,B,9,Intel Pentium G3450 Dual Core,3.40 Ghz,8 GB,"DDR3/1600, DDR3/1600",500 GB,SATA,1,,,,Black,,,,,SFF,45
1179432,2UA43922K9,HP,ProDesk 400 G1 SFF,,K6J27US#ABA,,B,9,Intel Pentium G3450 Dual Core,3.40 Ghz,4 GB,DDR3/1600,500 GB,SATA,1,,,,Black,,,,,SFF,45
1179434,2UA45025VH,HP,ProDesk 400 G1 SFF,,K6J27US#ABA,,B,9,Intel Pentium G3450 Dual Core,3.40 Ghz,4 GB,DDR3/1600,500 GB,SATA,1,,,,Black,,,,,SFF,45
1179435,2UA45025QS,HP,ProDesk 400 G1 SFF,,K6J27US#ABA,,B,9,Intel Pentium G3450 Dual Core,3.40 Ghz,4 GB,DDR3/1600,500 GB,SATA,1,,,,Black,,,,,SFF,45
1179439,2UA4411K89,HP,ProDesk 400 G1 SFF,,K6J27US#ABA,,B,9,Intel Pentium G3450 Dual Core,3.40 Ghz,4 GB,DDR3/1600,500 GB,SATA,1,,,,Black,,,,,SFF,45
1179442,2UA43922GN,HP,ProDesk 400 G1 SFF,,K6J27US#ABA,,B,8,Intel Pentium G3450 Dual Core,3.40 Ghz,4 GB,DDR3/1600,500 GB,SATA,1,,,,black,,,,,SFF,45
1179445,2UA4411K8S,HP,ProDesk 400 G1 SFF,,K6J27US#ABA,,B,9,Intel Pentium G3450 Dual Core,3.40 Ghz,4 GB,DDR3/1600,500 GB,SATA,1,,,,BLACK,,,,,SFF,45
1179471,2UA43922LZ,HP,ProDesk 400 G1 SFF,,K6J27US#ABA,,B,9,Intel Pentium G3450 Dual Core,3.40 Ghz,4 GB,DDR3/1600,500 GB,SATA,1,,,,BLACK,,,,,SFF,45
1179472,2UA45025TY,HP,ProDesk 400 G1 SFF,,K6J27US#ABA,,B,9,Intel Pentium G3450 Dual Core,3.40 Ghz,4 GB,DDR3/1600,500 GB,SATA,1,,,,BLACK,,,,,SFF,45
1179473,2UA4411K7Y,HP,ProDesk 400 G1 SFF,,K6J27US#ABA,,B,9,Intel Pentium G3450 Dual Core,3.40 Ghz,4 GB,DDR3/1600,500 GB,SATA,1,,,,BLACK,,,,,SFF,45
1179475,2UA4411K97,HP,ProDesk 400 G1 SFF,,K6J27US#ABA,,B,9,Intel Pentium G3450 Dual Core,3.40 Ghz,4 GB,DDR3/1600,500 GB,SATA,1,,,,BLACK,,,,,SFF,45
1179476,2UA45025RY,HP,ProDesk 400 G1 SFF,,K6J27US#ABA,,C,9,Intel Pentium G3450 Dual Core,3.40 Ghz,8 GB,"DDR3/1600, DDR3/1600",500 GB,SATA,1,,,,BLACK,,,,,SFF,45
1179596,2UA43922K7,HP,ProDesk 400 G1 SFF,,G5Z06US#ABA,,B,9,Intel Pentium G3450 Dual Core,3.40 Ghz,4 GB,DDR3/1600,500 GB,SATA,1,,,,Black,,,,,SFF,45
1179597,2UA4411K98,HP,ProDesk 400 G1 SFF,,G5Z06US#ABA,,B,9,Intel Pentium G3450 Dual Core,3.40 Ghz,4 GB,DDR3/1600,500 GB,SATA,1,,,,Black,,,,,SFF,45
1179598,2UA4411K4C,HP,ProDesk 400 G1 SFF,,G5Z06US#ABA,,B,9,Intel Pentium G3450 Dual Core,3.40 Ghz,4 GB,DDR3/1600,500 GB,SATA,1,,,,Black,,,,,SFF,45
1179619,2UA43922J0,HP,ProDesk 400 G1 SFF,,K6J27US#ABA,,B,8,Intel Pentium G3450 Dual Core,3.40 Ghz,4 GB,DDR3/1600,500 GB,SATA,1,,,,black,,,,,SFF,45
1179621,2UA4411K68,HP,ProDesk 400 G1 SFF,,K6J27US#ABA,,B,12,Intel Pentium G3450 Dual Core,3.40 Ghz,4 GB,DDR3/1600,500 GB,SATA,1,,,,BLACK,,,,,SFF,45
1179624,2UA45025T8,HP,ProDesk 400 G1 SFF,,K6J27US#ABA,,C,9,Intel Pentium G3450 Dual Core,3.40 Ghz,4 GB,DDR3/1600,,,,,,,BLACK,,,,,SFF,45
1179625,2UA43922G6,HP,ProDesk 400 G1 SFF,,K6J27US#ABA,,B,9,Intel Pentium G3450 Dual Core,3.40 Ghz,4 GB,DDR3/1600,500 GB,SATA,1,,,,Black,,,,,SFF,45
1179628,2UA43922M2,HP,ProDesk 400 G1 SFF,,K6J27US#ABA,,C,8,Intel Pentium G3450 Dual Core,3.40 Ghz,4 GB,DDR3/1600,500 GB,SATA,1,,,,black,,,,,SFF,45
1179636,2UA43922MB,HP,ProDesk 400 G1 SFF,,K6J27US#ABA,,B,9,Intel Pentium G3450 Dual Core,3.40 Ghz,4 GB,DDR3/1600,500 GB,SATA,1,,,,BLACK,,,,,SFF,45
1179873,2UA4411K51,HP,ProDesk 400 G1 SFF,,K6J27US#ABA,,B,7,Intel Pentium G3450 Dual Core,3.40 Ghz,4 GB,DDR3/1600,500 GB,SATA,1,,,,Black,,,,,SFF,45
1179875,2UA43922KC,HP,ProDesk 400 G1 SFF,,K6J27US#ABA,,B,8,Intel Pentium G3450 Dual Core,3.40 Ghz,4 GB,DDR3/1600,500 GB,SATA,1,,,,black,,,,,SFF,45
1179876,2UA43922LD,HP,ProDesk 400 G1 SFF,,K6J27US#ABA,,B,12,Intel Pentium G3450 Dual Core,3.40 Ghz,4 GB,DDR3/1600,500 GB,SATA,1,,,,BLACK,,,,,SFF,45
1179879,2UA4411K4B,HP,ProDesk 400 G1 SFF,,K6J27US#ABA,,B,9,Intel Pentium G3450 Dual Core,3.40 Ghz,4 GB,DDR3/1600,500 GB,SATA,1,,,,Black,,,,,SFF,45
1179880,2UA43922HB,HP,ProDesk 400 G1 SFF,,K6J27US#ABA,,B,9,Intel Pentium G3450 Dual Core,3.40 Ghz,4 GB,DDR3/1600,500 GB,SATA,1,,,,Black,,,,,SFF,45
1179883,2UA4411KB3,HP,ProDesk 400 G1 SFF,,K6J27US#ABA,,B,9,Intel Pentium G3450 Dual Core,3.40 Ghz,4 GB,DDR3/1600,500 GB,SATA,1,,,,Black,,,,,SFF,45
1180088,2UA4411K91,HP,ProDesk 400 G1 SFF,,K6J27US#ABA,,B,8,Intel Pentium G3450 Dual Core,3.40 Ghz,4 GB,DDR3/1600,500 GB,SATA,1,,,,black,,,,,SFF,45
1180090,2UA4411K9Y,HP,ProDesk 400 G1 SFF,,K6J27US#ABA,,B,8,Intel Pentium G3450 Dual Core,3.40 Ghz,4 GB,DDR3/1600,500 GB,SATA,1,,,,Black,,,,,SFF,45
1180092,2UA43922LP,HP,ProDesk 400 G1 SFF,,K6J27US#ABA,,C,8,Intel Pentium G3450 Dual Core,3.40 Ghz,4 GB,DDR3/1600,500 GB,SATA,1,,,,black,,,,,SFF,45
1180095,2UA4411K7M,HP,ProDesk 400 G1 SFF,,K6J27US#ABA,,B,8,Intel Pentium G3450 Dual Core,3.40 Ghz,4 GB,DDR3/1600,500 GB,SATA,1,,,,Black,,,,,SFF,45
1145049,2UA5472N07,HP,EliteDesk 800 G2 SFF,,L1G76AV,,B,36,Intel Pentium G4400 Dual Core,3.30 Ghz,8 GB,Hynix PC4-2133P,256 GB,SSD,1,,,,Black,,,,,SFF,45
1178974,2UA3281XJL,HP,Pro 4300 SFF,,C7J74US#ABA,,B,9,Intel Pentium G640 Dual Core,2.80 GHz,4 GB,DDR3/1067,,,,,,,BLACK,,,,,SFF,45
1178975,2UA3281XJD,HP,Pro 4300 SFF,,C7J74US#ABA,,C,9,Intel Pentium G640 Dual Core,2.80 GHz,4 GB,DDR3/1067,500 GB,SATA,1,,,,BLACK,,,,,SFF,45
1178990,2UA3281XH4,HP,Pro 4300 SFF,,C7J74US#ABA,,B,9,Intel Pentium G640 Dual Core,2.80 GHz,4 GB,DDR3/1067,500 GB,SATA,1,,,,black,,,,,SFF,45
1178991,2UA33719NQ,HP,Pro 4300 SFF,,C7J74US#ABA,,C,9,Intel Pentium G640 Dual Core,2.80 GHz,4 GB,DDR3/1067,500 GB,SATA,1,,,,BLACK,,,,,SFF,45
1178994,2UA2450MKV,HP,Pro 4300 SFF,,C7J74US#ABA,,B,9,Intel Pentium G640 Dual Core,2.80 GHz,4 GB,DDR3/1067,500 GB,SATA,1,,,,black,,,,,SFF,45
1178996,2UA3281XLF,HP,Pro 4300 SFF,,C7J74US#ABA,,B,12,Intel Pentium G640 Dual Core,2.80 GHz,4 GB,DDR3/1067,500 GB,SATA,1,,,,BLACK,,,,,SFF,45
1178998,2UA3171MC4,HP,Pro 4300 SFF,,C7J74US#ABA,,B,12,Intel Pentium G640 Dual Core,2.80 GHz,4 GB,DDR3/1067,500 GB,SATA,1,,,,BLACK,,,,,SFF,45
1178999,2UA3281XG5,HP,Pro 4300 SFF,,C7J74US#ABA,,B,12,Intel Pentium G640 Dual Core,2.80 GHz,4 GB,DDR3/1067,500 GB,SATA,1,,,,BLACK,,,,,SFF,45
1179016,2UA3231BDX,HP,Pro 4300 SFF,,C7J74US#ABA,,B,2,Intel Pentium G640 Dual Core,2.80 GHz,4 GB,DDR3/1067,500 GB,SATA,1,,,,BLACK,,,,,SFF,45
1179018,2UA2450MJ6,HP,Pro 4300 SFF,,C7J74US#ABA,,B,9,Intel Pentium G640 Dual Core,2.80 GHz,4 GB,DDR3/1067,500 GB,SATA,1,,,,BLACK,,,,,SFF,45
1179072,2UA3231BC8,HP,Pro 4300 SFF,,C7J74US#ABA,,A,12,Intel Pentium G640 Dual Core,2.80 GHz,4 GB,DDR3/1067,500 GB,SATA,1,,,,black,No OS Needed,,,,SFF,45
1179079,2UA3061H04,HP,Pro 4300 SFF,,C7J74US#ABA,,C,8,Intel Pentium G640 Dual Core,2.80 GHz,4 GB,DDR3/1067,,,,,,,Black,,,,,SFF,45
1179080,2UA3061GTT,HP,Pro 4300 SFF,,C7J74US#ABA,,B,8,Intel Pentium G640 Dual Core,2.80 GHz,4 GB,DDR3/1067,500 GB,SATA,1,,,,Black,,,,,SFF,45
1179081,2UA3231B99,HP,Pro 4300 SFF,,C7J74US#ABA,,B,8,Intel Pentium G640 Dual Core,2.80 GHz,4 GB,DDR3/1067,500 GB,SATA,1,,,,Black,,,,,SFF,45
1179082,2UA3231B92,HP,Pro 4300 SFF,,C7J74US#ABA,,B,8,Intel Pentium G640 Dual Core,2.80 GHz,4 GB,DDR3/1067,500 GB,SATA,1,,,,Black,,,,,SFF,45
1179084,2UA31103Q6,HP,Pro 4300 SFF,,C7J74US#ABA,,B,8,Intel Pentium G640 Dual Core,2.80 GHz,4 GB,DDR3/1067,500 GB,SATA,1,,,,Black,,,,,SFF,45
1179087,2UA3281XF8,HP,Pro 4300 SFF,,C7J74US#ABA,,B,7,Intel Pentium G640 Dual Core,2.80 GHz,4 GB,DDR3/1067,500 GB,SATA,1,,,,BLACK,,,,,SFF,45
1179090,2UA2450MGJ,HP,Pro 4300 SFF,,C7J74US#ABA,,C,7,Intel Pentium G640 Dual Core,2.80 GHz,4 GB,DDR3/1067,500 GB,SATA,1,,,,BLACK,,,,,SFF,45
1179095,2UA3061GTY,HP,Pro 4300 SFF,,C7J74US#ABA,,B,8,Intel Pentium G640 Dual Core,2.80 GHz,4 GB,DDR3/1067,500 GB,SATA,1,,,,black,,,,,SFF,45
1179098,2UA2450MHK,HP,Pro 4300 SFF,,C7J74US#ABA,,A,7,Intel Pentium G640 Dual Core,2.80 GHz,4 GB,DDR3/1067,500 GB,SATA,1,,,,BLACK,,,,,SFF,45
1179108,2UA3061GX8,HP,Pro 4300 SFF,,C7J74US#ABA,,B,8,Intel Pentium G640 Dual Core,2.80 GHz,4 GB,DDR3/1067,500 GB,SATA,1,,,,BLACK,,,,,SFF,45
1179109,2UA3061GTR,HP,Pro 4300 SFF,,C7J74US#ABA,,B,8,Intel Pentium G640 Dual Core,2.80 GHz,4 GB,DDR3/1067,500 GB,SATA,1,,,,Black,,,,,SFF,45
1179111,2UA31103R8,HP,Pro 4300 SFF,,C7J74US#ABA,,B,8,Intel Pentium G640 Dual Core,2.80 GHz,2 GB,DDR3/1067,500 GB,SATA,1,,,,Black,,,,,SFF,45
1179112,2UA33719MD,HP,Pro 4300 SFF,,C7J74US#ABA,,B,8,Intel Pentium G640 Dual Core,2.80 GHz,4 GB,DDR3/1067,500 GB,SATA,1,,,,Black,,,,,SFF,45
1179399,2UA3281XH7,HP,Pro 4300 SFF,,C7J74US#ABA,,B,8,Intel Pentium G640 Dual Core,2.80 GHz,4 GB,DDR3/1067,500 GB,SATA,1,,,,Black,,,,,SFF,45
1179401,2UA3061H0Y,HP,Pro 4300 SFF,,C7J74US#ABA,,B,9,Intel Pentium G640 Dual Core,2.80 GHz,4 GB,DDR3/1067,500 GB,SATA,1,,,,BLACK,,,,,SFF,45
1179403,2UA33719L2,HP,Pro 4300 SFF,,C7J74US#ABA,,B,9,Intel Pentium G640 Dual Core,2.80 GHz,4 GB,DDR3/1067,500 GB,SATA,1,,,,BLACK,,,,,SFF,45
1179404,2UA3171M90,HP,Pro 4300 SFF,,C7J74US#ABA,,B,9,Intel Pentium G640 Dual Core,2.80 GHz,4 GB,DDR3/1067,500 GB,SATA,1,,,,BLACK,,,,,SFF,45
1179406,2UA31103M5,HP,Pro 4300 SFF,,C7J74US#ABA,,B,9,Intel Pentium G640 Dual Core,2.80 GHz,4 GB,DDR3/1067,500 GB,SATA,1,,,,BLACK,,,,,SFF,45
1179407,2UA33719LL,HP,Pro 4300 SFF,,C7J74US#ABA,,C,9,Intel Pentium G640 Dual Core,2.80 GHz,4 GB,DDR3/1067,500 GB,SATA,1,,,,BLACK,,,,,SFF,45
1179409,2UA2450MGM,HP,Pro 4300 SFF,,C7J74US#ABA,,C,9,Intel Pentium G640 Dual Core,2.80 GHz,4 GB,DDR3/1067,500 GB,SATA,1,,,,BLACK,,,,,SFF,45
1179520,2UA3281XJ8,HP,Pro 4300 SFF,,C7J74U#ABA,,B,9,Intel Pentium G640 Dual Core,2.80 GHz,4 GB,DDR3/1067,500 GB,SATA,1,,,,BLACK,,,,,SFF,45
1179522,2UA33719Q4,HP,Pro 4300 SFF,,C7J74U#ABA,,B,9,Intel Pentium G640 Dual Core,2.80 GHz,4 GB,DDR3/1067,500 GB,SATA,1,,,,Black,,,,,SFF,45
1179525,2UA3061GTV,HP,Pro 4300 SFF,,C7J74US#ABA,,C,8,Intel Pentium G640 Dual Core,2.80 GHz,4 GB,DDR3/1067,500 GB,SATA,1,,,,black,,,,,SFF,45
1179528,2UA3281XF3,HP,Pro 4300 SFF,,C7J74U#ABA,,B,7,Intel Pentium G640 Dual Core,2.80 GHz,4 GB,DDR3/1067,500 GB,SATA,1,,,,Black,,,,,SFF,45
1179529,2UA3171MC3,HP,Pro 4300 SFF,,C7J74U#ABA,,B,7,Intel Pentium G640 Dual Core,2.80 GHz,4 GB,DDR3/1067,500 GB,SATA,1,,,,Black,,,,,SFF,45
1179530,2UA3281XJ4,HP,Pro 4300 SFF,,C7J74US#ABA,,B,8,Intel Pentium G640 Dual Core,2.80 GHz,8 GB,"DDR3/1067, DDR3/1067",500 GB,SATA,1,,,,black,,,,,SFF,45
1179593,2UA31103PC,HP,Pro 4300 SFF,,C7J74US#ABA,,B,8,Intel Pentium G640 Dual Core,2.80 GHz,4 GB,DDR3/1067,500 GB,SATA,1,,,,black,,,,,SFF,45
1179594,2UA31103NV,HP,Pro 4300 SFF,,C7J74US#ABA,,B,9,Intel Pentium G640 Dual Core,2.80 GHz,4 GB,DDR3/1067,500 GB,SATA,1,,,,Black,,,,,SFF,45
1179599,2UA3171MDK,HP,Pro 4300 SFF,,C7J74US#ABA,,B,12,Intel Pentium G640 Dual Core,2.80 GHz,4 GB,DDR3/1067,500 GB,SATA,1,,,,Black,No OS Needed,,,,SFF,45
1179603,2UA3061GVL,HP,Pro 4300 SFF,,C7J74US#ABA,,B,8,Intel Pentium G640 Dual Core,2.80 GHz,4 GB,DDR3/1067,500 GB,SATA,1,,,,BLACK,,,,,SFF,45
1179605,2UA33719K6,HP,ProDesk 400 G1 SFF,,G5Z06US#ABA,,B,9,Intel Pentium G640 Dual Core,2.80 GHz,4 GB,DDR3/1067,500 GB,SATA,1,,,,Black,,,,,SFF,45
1179606,2UA31103R3,HP,ProDesk 400 G1 SFF,,G5Z06US#ABA,,C,8,Intel Pentium G640 Dual Core,2.80 GHz,4 GB,DDR3/1067,500 GB,SATA,1,,,,Black,,,,,SFF,45
1179609,2UA3281XHK,HP,ProDesk 400 G1 SFF,,G5Z06US#ABA,,B,8,Intel Pentium G640 Dual Core,2.80 GHz,4 GB,DDR3/1067,500 GB,SATA,1,,,,Black,,,,,SFF,45
1179610,2UA31103LY,HP,ProDesk 400 G1 SFF,,G5Z06US#ABA,,B,8,Intel Pentium G640 Dual Core,2.80 GHz,4 GB,DDR3/1067,500 GB,SATA,1,,,,Black,,,,,SFF,45
1179725,2UA31103NK,HP,Pro 4300 SFF,,C7J74US#ABA,,B,9,Intel Pentium G640 Dual Core,2.80 GHz,4 GB,DDR3/1067,500 GB,SATA,1,,,,Black,,,,,SFF,45
1179757,2UA3061GZF,HP,Pro 4300 SFF,,C7J74US#ABA,,B,9,Intel Pentium G640 Dual Core,2.80 GHz,4 GB,DDR3/1067,500 GB,SATA,1,,,,black,,,,,SFF,45
1179760,2UA3281XFP,HP,Pro 4300 SFF,,C7J74US#ABA,,C,9,Intel Pentium G640 Dual Core,2.80 GHz,4 GB,DDR3/1067,500 GB,SATA,1,,,,black,,,,,SFF,45
1179763,2UA33719M0,HP,Pro 4300 SFF,,C7J74US#ABA,,B,9,Intel Pentium G640 Dual Core,2.80 GHz,4 GB,DDR3/1067,500 GB,SATA,1,,,,black,,,,,SFF,45
1179767,2UA33719PN,HP,Pro 4300 SFF,,C7J74US#ABA,,B,9,Intel Pentium G640 Dual Core,2.80 GHz,4 GB,DDR3/1067,500 GB,SATA,1,,,,black,,,,,SFF,45
1179775,2UA3281XHW,HP,Pro 4300 SFF,,C7J74US#ABA,,B,9,Intel Pentium G640 Dual Core,2.80 GHz,4 GB,DDR3/1067,500 GB,SATA,1,,,,black,,,,,SFF,45
1179845,2UA33719JF,HP,Pro 4300 SFF,,C7J74US#ABA,,C,8,Intel Pentium G640 Dual Core,2.80 GHz,4 GB,DDR3/1067,500 GB,SATA,1,,,,Black,,,,,SFF,45
1179849,2UA3171MF2,HP,Pro 4300 SFF,,C7J74US#ABA,,C,9,Intel Pentium G640 Dual Core,2.80 GHz,4 GB,DDR3/1067,500 GB,SATA,1,,,,black,,,,,SFF,45
1179852,2UA3171MC6,HP,Pro 4300 SFF,,C7J74US#ABA,,B,8,Intel Pentium G640 Dual Core,2.80 GHz,4 GB,DDR3/1067,500 GB,SATA,1,,,,Black,,,,,SFF,45
1179854,2UA31103LL,HP,Pro 4300 SFF,,C7J74US#ABA,,C,8,Intel Pentium G640 Dual Core,2.80 GHz,4 GB,DDR3/1067,500 GB,SATA,1,,,,Black,,,,,SFF,45
1180100,2UA33719LR,HP,Pro 4300 SFF,,C7J74US#ABA,,B,8,Intel Pentium G640 Dual Core,2.80 GHz,4 GB,DDR3/1067,500 GB,SATA,1,,,,Black,,,,,SFF,45
1180133,2UA2450MMM,HP,Pro 4300 SFF,,C7J74US#ABA,,B,8,Intel Pentium G640 Dual Core,2.80 GHz,4 GB,DDR3/1067,500 GB,SATA,1,,,,black,,,,,SFF,45
1180134,2UA3171MBT,HP,Pro 4300 SFF,,C7J74US#ABA,,B,8,Intel Pentium G640 Dual Core,2.80 GHz,4 GB,DDR3/1067,500 GB,SATA,1,,,,black,,,,,SFF,45
1180136,2UA3281XG9,HP,Pro 4300 SFF,,C7J74US#ABA,,B,8,Intel Pentium G640 Dual Core,2.80 GHz,4 GB,DDR3/1067,500 GB,SATA,1,,,,black,,,,,SFF,45
1180141,2UA3061H0M,HP,Pro 4300 SFF,,C7J74US#ABA,,B,8,Intel Pentium G640 Dual Core,2.80 GHz,4 GB,DDR3/1067,500 GB,SATA,1,,,,Black,,,,,SFF,45
1180144,2UA33719N6,HP,Pro 4300 SFF,,C7J74US#ABA,,C,8,Intel Pentium G640 Dual Core,2.80 GHz,4 GB,DDR3/1067,500 GB,SATA,1,,,,black,,,,,SFF,45
1180167,2UA31103L0,HP,Pro 4300 SFF,,C7J74US#ABA,,B,8,Intel Pentium G640 Dual Core,2.80 GHz,4 GB,DDR3/1067,500 GB,SATA,1,,,,black,,,,,SFF,45
,,,,,,,,,,,,,,,,,,,,,,,,,
,,,,,,,,,,,,,,,,,,,,,,,,,
,,,,,,,,,,,,,,,,,,,,,,,,,16340
,,,,,,,,,,,,,,,,,,,,,,,,,
,,,,,,,,,,,,,,,,,,,,,,,,,
,,,,,,,,,,,,,,,,,,,,,,,,,
,,,,,,,,,,,,,,,,,,,,,,,,,
,,,,,,,,,,,,,,,,,,,,,,,,,
,,,,,,,,,,,,,,,,,,,,,,,,,
,,,,,,,,,,,,,,,,,,,,,,,,,
,,,,,,,,,,,,,,,,,,,,,,,,,
,,,,,,,,,,,,,,,,,,,,,,,,,
,,,,,,,,,,,,,,,,,,,,,,,,,
,,,,,,,,,,,,,,,,,,,,,,,,,
,,,,,,,,,,,,,,,,,,,,,,,,,
,,,,,,,,,,,,,,,,,,,,,,,,,
,,,,,,,,,,,,,,,,,,,,,,,,,
,,,,,,,,,,,,,,,,,,,,,,,,,
,,,,,,,,,,,,,,,,,,,,,,,,,
,,,,,,,,,,,,,,,,,,,,,,,,,
,,,,,,,,,,,,,,,,,,,,,,,,,
,,,,,,,,,,,,,,,,,,,,,,,,,
,,,,,,,,,,,,,,,,,,,,,,,,,
,,,,,,,,,,,,,,,,,,,,,,,,,
,,,,,,,,,,,,,,,,,,,,,,,,,
,,,,,,,,,,,,,,,,,,,,,,,,,
,,,,,,,,,,,,,,,,,,,,,,,,,
,,,,,,,,,,,,,,,,,,,,,,,,,
,,,,,,,,,,,,,,,,,,,,,,,,,
,,,,,,,,,,,,,,,,,,,,,,,,,
,,,,,,,,,,,,,,,,,,,,,,,,,
,,,,,,,,,,,,,,,,,,,,,,,,,
,,,,,,,,,,,,,,,,,,,,,,,,,
,,,,,,,,,,,,,,,,,,,,,,,,,
,,,,,,,,,,,,,,,,,,,,,,,,,
,,,,,,,,,,,,,,,,,,,,,,,,,
,,,,,,,,,,,,,,,,,,,,,,,,,
,,,,,,,,,,,,,,,,,,,,,,,,,
,,,,,,,,,,,,,,,,,,,,,,,,,
,,,,,,,,,,,,,,,,,,,,,,,,,
,,,,,,,,,,,,,,,,,,,,,,,,,
,,,,,,,,,,,,,,,,,,,,,,,,,
,,,,,,,,,,,,,,,,,,,,,,,,,
,,,,,,,,,,,,,,,,,,,,,,,,,
,,,,,,,,,,,,,,,,,,,,,,,,,
,,,,,,,,,,,,,,,,,,,,,,,,,
,,,,,,,,,,,,,,,,,,,,,,,,,
,,,,,,,,,,,,,,,,,,,,,,,,,
,,,,,,,,,,,,,,,,,,,,,,,,,
,,,,,,,,,,,,,,,,,,,,,,,,,
,,,,,,,,,,,,,,,,,,,,,,,,,
,,,,,,,,,,,,,,,,,,,,,,,,,
,,,,,,,,,,,,,,,,,,,,,,,,,
,,,,,,,,,,,,,,,,,,,,,,,,,
,,,,,,,,,,,,,,,,,,,,,,,,,
,,,,,,,,,,,,,,,,,,,,,,,,,
,,,,,,,,,,,,,,,,,,,,,,,,,
,,,,,,,,,,,,,,,,,,,,,,,,,
,,,,,,,,,,,,,,,,,,,,,,,,,
,,,,,,,,,,,,,,,,,,,,,,,,,
,,,,,,,,,,,,,,,,,,,,,,,,,
,,,,,,,,,,,,,,,,,,,,,,,,,
,,,,,,,,,,,,,,,,,,,,,,,,,
,,,,,,,,,,,,,,,,,,,,,,,,,
,,,,,,,,,,,,,,,,,,,,,,,,,
,,,,,,,,,,,,,,,,,,,,,,,,,
,,,,,,,,,,,,,,,,,,,,,,,,,
,,,,,,,,,,,,,,,,,,,,,,,,,
,,,,,,,,,,,,,,,,,,,,,,,,,
,,,,,,,,,,,,,,,,,,,,,,,,,
,,,,,,,,,,,,,,,,,,,,,,,,,
,,,,,,,,,,,,,,,,,,,,,,,,,
,,,,,,,,,,,,,,,,,,,,,,,,,
,,,,,,,,,,,,,,,,,,,,,,,,,
,,,,,,,,,,,,,,,,,,,,,,,,,
,,,,,,,,,,,,,,,,,,,,,,,,,
,,,,,,,,,,,,,,,,,,,,,,,,,
,,,,,,,,,,,,,,,,,,,,,,,,,
,,,,,,,,,,,,,,,,,,,,,,,,,
,,,,,,,,,,,,,,,,,,,,,,,,,
,,,,,,,,,,,,,,,,,,,,,,,,,
,,,,,,,,,,,,,,,,,,,,,,,,,
,,,,,,,,,,,,,,,,,,,,,,,,,
,,,,,,,,,,,,,,,,,,,,,,,,,
,,,,,,,,,,,,,,,,,,,,,,,,,
,,,,,,,,,,,,,,,,,,,,,,,,,
,,,,,,,,,,,,,,,,,,,,,,,,,
,,,,,,,,,,,,,,,,,,,,,,,,,
,,,,,,,,,,,,,,,,,,,,,,,,,
,,,,,,,,,,,,,,,,,,,,,,,,,
,,,,,,,,,,,,,,,,,,,,,,,,,
,,,,,,,,,,,,,,,,,,,,,,,,,
,,,,,,,,,,,,,,,,,,,,,,,,,
,,,,,,,,,,,,,,,,,,,,,,,,,
,,,,,,,,,,,,,,,,,,,,,,,,,
,,,,,,,,,,,,,,,,,,,,,,,,,
,,,,,,,,,,,,,,,,,,,,,,,,,
,,,,,,,,,,,,,,,,,,,,,,,,,
,,,,,,,,,,,,,,,,,,,,,,,,,
,,,,,,,,,,,,,,,,,,,,,,,,,
,,,,,,,,,,,,,,,,,,,,,,,,,
,,,,,,,,,,,,,,,,,,,,,,,,,
,,,,,,,,,,,,,,,,,,,,,,,,,
,,,,,,,,,,,,,,,,,,,,,,,,,
,,,,,,,,,,,,,,,,,,,,,,,,,
,,,,,,,,,,,,,,,,,,,,,,,,,
,,,,,,,,,,,,,,,,,,,,,,,,,
,,,,,,,,,,,,,,,,,,,,,,,,,
,,,,,,,,,,,,,,,,,,,,,,,,,
,,,,,,,,,,,,,,,,,,,,,,,,,
,,,,,,,,,,,,,,,,,,,,,,,,,
,,,,,,,,,,,,,,,,,,,,,,,,,
,,,,,,,,,,,,,,,,,,,,,,,,,
,,,,,,,,,,,,,,,,,,,,,,,,,
,,,,,,,,,,,,,,,,,,,,,,,,,
,,,,,,,,,,,,,,,,,,,,,,,,,
,,,,,,,,,,,,,,,,,,,,,,,,,
,,,,,,,,,,,,,,,,,,,,,,,,,
,,,,,,,,,,,,,,,,,,,,,,,,,
,,,,,,,,,,,,,,,,,,,,,,,,,
,,,,,,,,,,,,,,,,,,,,,,,,,
,,,,,,,,,,,,,,,,,,,,,,,,,
,,,,,,,,,,,,,,,,,,,,,,,,,
,,,,,,,,,,,,,,,,,,,,,,,,,
,,,,,,,,,,,,,,,,,,,,,,,,,
,,,,,,,,,,,,,,,,,,,,,,,,,
,,,,,,,,,,,,,,,,,,,,,,,,,
,,,,,,,,,,,,,,,,,,,,,,,,,
,,,,,,,,,,,,,,,,,,,,,,,,,
,,,,,,,,,,,,,,,,,,,,,,,,,
,,,,,,,,,,,,,,,,,,,,,,,,,
,,,,,,,,,,,,,,,,,,,,,,,,,
,,,,,,,,,,,,,,,,,,,,,,,,,
,,,,,,,,,,,,,,,,,,,,,,,,,
,,,,,,,,,,,,,,,,,,,,,,,,,
,,,,,,,,,,,,,,,,,,,,,,,,,
,,,,,,,,,,,,,,,,,,,,,,,,,
,,,,,,,,,,,,,,,,,,,,,,,,,
,,,,,,,,,,,,,,,,,,,,,,,,,
,,,,,,,,,,,,,,,,,,,,,,,,,
,,,,,,,,,,,,,,,,,,,,,,,,,
,,,,,,,,,,,,,,,,,,,,,,,,,
,,,,,,,,,,,,,,,,,,,,,,,,,
,,,,,,,,,,,,,,,,,,,,,,,,,
,,,,,,,,,,,,,,,,,,,,,,,,,
,,,,,,,,,,,,,,,,,,,,,,,,,
,,,,,,,,,,,,,,,,,,,,,,,,,
,,,,,,,,,,,,,,,,,,,,,,,,,
,,,,,,,,,,,,,,,,,,,,,,,,,
,,,,,,,,,,,,,,,,,,,,,,,,,
,,,,,,,,,,,,,,,,,,,,,,,,,
,,,,,,,,,,,,,,,,,,,,,,,,,
,,,,,,,,,,,,,,,,,,,,,,,,,
,,,,,,,,,,,,,,,,,,,,,,,,,
,,,,,,,,,,,,,,,,,,,,,,,,,
,,,,,,,,,,,,,,,,,,,,,,,,,
,,,,,,,,,,,,,,,,,,,,,,,,,
,,,,,,,,,,,,,,,,,,,,,,,,,
,,,,,,,,,,,,,,,,,,,,,,,,,
,,,,,,,,,,,,,,,,,,,,,,,,,
,,,,,,,,,,,,,,,,,,,,,,,,,
,,,,,,,,,,,,,,,,,,,,,,,,,
,,,,,,,,,,,,,,,,,,,,,,,,,
,,,,,,,,,,,,,,,,,,,,,,,,,
,,,,,,,,,,,,,,,,,,,,,,,,,
,,,,,,,,,,,,,,,,,,,,,,,,,
,,,,,,,,,,,,,,,,,,,,,,,,,
,,,,,,,,,,,,,,,,,,,,,,,,,
,,,,,,,,,,,,,,,,,,,,,,,,,
,,,,,,,,,,,,,,,,,,,,,,,,,
,,,,,,,,,,,,,,,,,,,,,,,,,
,,,,,,,,,,,,,,,,,,,,,,,,,
,,,,,,,,,,,,,,,,,,,,,,,,,
,,,,,,,,,,,,,,,,,,,,,,,,,
,,,,,,,,,,,,,,,,,,,,,,,,,
,,,,,,,,,,,,,,,,,,,,,,,,,
,,,,,,,,,,,,,,,,,,,,,,,,,
,,,,,,,,,,,,,,,,,,,,,,,,,
,,,,,,,,,,,,,,,,,,,,,,,,,
,,,,,,,,,,,,,,,,,,,,,,,,,
,,,,,,,,,,,,,,,,,,,,,,,,,
,,,,,,,,,,,,,,,,,,,,,,,,,
,,,,,,,,,,,,,,,,,,,,,,,,,
,,,,,,,,,,,,,,,,,,,,,,,,,
,,,,,,,,,,,,,,,,,,,,,,,,,
,,,,,,,,,,,,,,,,,,,,,,,,,
,,,,,,,,,,,,,,,,,,,,,,,,,
,,,,,,,,,,,,,,,,,,,,,,,,,
,,,,,,,,,,,,,,,,,,,,,,,,,
,,,,,,,,,,,,,,,,,,,,,,,,,
,,,,,,,,,,,,,,,,,,,,,,,,,
,,,,,,,,,,,,,,,,,,,,,,,,,
,,,,,,,,,,,,,,,,,,,,,,,,,
,,,,,,,,,,,,,,,,,,,,,,,,,
,,,,,,,,,,,,,,,,,,,,,,,,,
,,,,,,,,,,,,,,,,,,,,,,,,,
,,,,,,,,,,,,,,,,,,,,,,,,,
,,,,,,,,,,,,,,,,,,,,,,,,,
,,,,,,,,,,,,,,,,,,,,,,,,,
,,,,,,,,,,,,,,,,,,,,,,,,,
,,,,,,,,,,,,,,,,,,,,,,,,,
,,,,,,,,,,,,,,,,,,,,,,,,,
,,,,,,,,,,,,,,,,,,,,,,,,,
,,,,,,,,,,,,,,,,,,,,,,,,,
,,,,,,,,,,,,,,,,,,,,,,,,,
,,,,,,,,,,,,,,,,,,,,,,,,,
,,,,,,,,,,,,,,,,,,,,,,,,,
,,,,,,,,,,,,,,,,,,,,,,,,,
,,,,,,,,,,,,,,,,,,,,,,,,,
,,,,,,,,,,,,,,,,,,,,,,,,,
,,,,,,,,,,,,,,,,,,,,,,,,,
,,,,,,,,,,,,,,,,,,,,,,,,,
,,,,,,,,,,,,,,,,,,,,,,,,,
,,,,,,,,,,,,,,,,,,,,,,,,,
,,,,,,,,,,,,,,,,,,,,,,,,,
,,,,,,,,,,,,,,,,,,,,,,,,,
,,,,,,,,,,,,,,,,,,,,,,,,,
,,,,,,,,,,,,,,,,,,,,,,,,,
,,,,,,,,,,,,,,,,,,,,,,,,,
,,,,,,,,,,,,,,,,,,,,,,,,,
,,,,,,,,,,,,,,,,,,,,,,,,,
,,,,,,,,,,,,,,,,,,,,,,,,,
,,,,,,,,,,,,,,,,,,,,,,,,,
,,,,,,,,,,,,,,,,,,,,,,,,,
,,,,,,,,,,,,,,,,,,,,,,,,,
,,,,,,,,,,,,,,,,,,,,,,,,,
,,,,,,,,,,,,,,,,,,,,,,,,,
,,,,,,,,,,,,,,,,,,,,,,,,,
,,,,,,,,,,,,,,,,,,,,,,,,,
,,,,,,,,,,,,,,,,,,,,,,,,,
,,,,,,,,,,,,,,,,,,,,,,,,,
,,,,,,,,,,,,,,,,,,,,,,,,,
,,,,,,,,,,,,,,,,,,,,,,,,,
,,,,,,,,,,,,,,,,,,,,,,,,,
,,,,,,,,,,,,,,,,,,,,,,,,,
,,,,,,,,,,,,,,,,,,,,,,,,,
,,,,,,,,,,,,,,,,,,,,,,,,,
,,,,,,,,,,,,,,,,,,,,,,,,,
,,,,,,,,,,,,,,,,,,,,,,,,,
,,,,,,,,,,,,,,,,,,,,,,,,,
,,,,,,,,,,,,,,,,,,,,,,,,,
,,,,,,,,,,,,,,,,,,,,,,,,,
,,,,,,,,,,,,,,,,,,,,,,,,,
,,,,,,,,,,,,,,,,,,,,,,,,,
,,,,,,,,,,,,,,,,,,,,,,,,,
,,,,,,,,,,,,,,,,,,,,,,,,,
,,,,,,,,,,,,,,,,,,,,,,,,,
,,,,,,,,,,,,,,,,,,,,,,,,,
,,,,,,,,,,,,,,,,,,,,,,,,,
,,,,,,,,,,,,,,,,,,,,,,,,,
,,,,,,,,,,,,,,,,,,,,,,,,,
,,,,,,,,,,,,,,,,,,,,,,,,,
,,,,,,,,,,,,,,,,,,,,,,,,,
,,,,,,,,,,,,,,,,,,,,,,,,,
,,,,,,,,,,,,,,,,,,,,,,,,,
,,,,,,,,,,,,,,,,,,,,,,,,,
,,,,,,,,,,,,,,,,,,,,,,,,,
,,,,,,,,,,,,,,,,,,,,,,,,,
,,,,,,,,,,,,,,,,,,,,,,,,,
,,,,,,,,,,,,,,,,,,,,,,,,,
,,,,,,,,,,,,,,,,,,,,,,,,,
,,,,,,,,,,,,,,,,,,,,,,,,,
,,,,,,,,,,,,,,,,,,,,,,,,,
,,,,,,,,,,,,,,,,,,,,,,,,,
,,,,,,,,,,,,,,,,,,,,,,,,,
,,,,,,,,,,,,,,,,,,,,,,,,,
,,,,,,,,,,,,,,,,,,,,,,,,,
,,,,,,,,,,,,,,,,,,,,,,,,,
,,,,,,,,,,,,,,,,,,,,,,,,,
,,,,,,,,,,,,,,,,,,,,,,,,,
,,,,,,,,,,,,,,,,,,,,,,,,,
,,,,,,,,,,,,,,,,,,,,,,,,,
,,,,,,,,,,,,,,,,,,,,,,,,,
,,,,,,,,,,,,,,,,,,,,,,,,,
,,,,,,,,,,,,,,,,,,,,,,,,,
,,,,,,,,,,,,,,,,,,,,,,,,,
,,,,,,,,,,,,,,,,,,,,,,,,,
,,,,,,,,,,,,,,,,,,,,,,,,,
,,,,,,,,,,,,,,,,,,,,,,,,,
,,,,,,,,,,,,,,,,,,,,,,,,,
,,,,,,,,,,,,,,,,,,,,,,,,,
,,,,,,,,,,,,,,,,,,,,,,,,,
,,,,,,,,,,,,,,,,,,,,,,,,,
,,,,,,,,,,,,,,,,,,,,,,,,,
,,,,,,,,,,,,,,,,,,,,,,,,,
,,,,,,,,,,,,,,,,,,,,,,,,,
,,,,,,,,,,,,,,,,,,,,,,,,,
,,,,,,,,,,,,,,,,,,,,,,,,,
,,,,,,,,,,,,,,,,,,,,,,,,,
,,,,,,,,,,,,,,,,,,,,,,,,,
,,,,,,,,,,,,,,,,,,,,,,,,,
,,,,,,,,,,,,,,,,,,,,,,,,,
,,,,,,,,,,,,,,,,,,,,,,,,,
,,,,,,,,,,,,,,,,,,,,,,,,,
,,,,,,,,,,,,,,,,,,,,,,,,,
,,,,,,,,,,,,,,,,,,,,,,,,,
,,,,,,,,,,,,,,,,,,,,,,,,,
,,,,,,,,,,,,,,,,,,,,,,,,,
,,,,,,,,,,,,,,,,,,,,,,,,,
,,,,,,,,,,,,,,,,,,,,,,,,,
,,,,,,,,,,,,,,,,,,,,,,,,,
,,,,,,,,,,,,,,,,,,,,,,,,,
,,,,,,,,,,,,,,,,,,,,,,,,,
,,,,,,,,,,,,,,,,,,,,,,,,,
,,,,,,,,,,,,,,,,,,,,,,,,,
,,,,,,,,,,,,,,,,,,,,,,,,,
,,,,,,,,,,,,,,,,,,,,,,,,,
,,,,,,,,,,,,,,,,,,,,,,,,,
,,,,,,,,,,,,,,,,,,,,,,,,,
,,,,,,,,,,,,,,,,,,,,,,,,,
,,,,,,,,,,,,,,,,,,,,,,,,,
,,,,,,,,,,,,,,,,,,,,,,,,,
,,,,,,,,,,,,,,,,,,,,,,,,,
,,,,,,,,,,,,,,,,,,,,,,,,,
,,,,,,,,,,,,,,,,,,,,,,,,,
,,,,,,,,,,,,,,,,,,,,,,,,,
,,,,,,,,,,,,,,,,,,,,,,,,,
,,,,,,,,,,,,,,,,,,,,,,,,,
,,,,,,,,,,,,,,,,,,,,,,,,,
,,,,,,,,,,,,,,,,,,,,,,,,,
,,,,,,,,,,,,,,,,,,,,,,,,,
,,,,,,,,,,,,,,,,,,,,,,,,,
,,,,,,,,,,,,,,,,,,,,,,,,,
,,,,,,,,,,,,,,,,,,,,,,,,,
,,,,,,,,,,,,,,,,,,,,,,,,,
,,,,,,,,,,,,,,,,,,,,,,,,,
,,,,,,,,,,,,,,,,,,,,,,,,,
,,,,,,,,,,,,,,,,,,,,,,,,,
,,,,,,,,,,,,,,,,,,,,,,,,,
,,,,,,,,,,,,,,,,,,,,,,,,,
,,,,,,,,,,,,,,,,,,,,,,,,,
,,,,,,,,,,,,,,,,,,,,,,,,,
,,,,,,,,,,,,,,,,,,,,,,,,,
,,,,,,,,,,,,,,,,,,,,,,,,,
,,,,,,,,,,,,,,,,,,,,,,,,,
,,,,,,,,,,,,,,,,,,,,,,,,,
,,,,,,,,,,,,,,,,,,,,,,,,,
,,,,,,,,,,,,,,,,,,,,,,,,,
,,,,,,,,,,,,,,,,,,,,,,,,,
,,,,,,,,,,,,,,,,,,,,,,,,,
,,,,,,,,,,,,,,,,,,,,,,,,,
,,,,,,,,,,,,,,,,,,,,,,,,,
,,,,,,,,,,,,,,,,,,,,,,,,,
,,,,,,,,,,,,,,,,,,,,,,,,,
,,,,,,,,,,,,,,,,,,,,,,,,,
,,,,,,,,,,,,,,,,,,,,,,,,,
,,,,,,,,,,,,,,,,,,,,,,,,,
,,,,,,,,,,,,,,,,,,,,,,,,,
,,,,,,,,,,,,,,,,,,,,,,,,,
,,,,,,,,,,,,,,,,,,,,,,,,,
,,,,,,,,,,,,,,,,,,,,,,,,,
