Warehouse,Class,Asset/SSE #,Serial#,Manuf,Model,Model#,Cond,Screen Size,Notes/Comments,No SKU,Price
Sage - CMH,Monitors,1180161,CNK8470W13,HP,L2245wg,HSTND-2371-B,C,14,,HP-L2245WG-MON-C,40
Sage - CMH,Monitors,1188662,CN0CC2807161865MAJWT,Dell,1707FPt,1707FPt,C,16,,DELL-1707FPT-MON-C,40
Sage - CMH,Monitors,1177050,MX02Y311476053BFAHSD,Dell,1703FPs,1703FPs,C,17,,DELL-1703FPS-MON-C,40
Sage - CMH,Monitors,1188300,CN0Y42997161859LAHAB,Dell,1704 FPT,1704 FPT,C,17,,DELL-1704FPT-MON-C,40
Sage - CMH,Monitors,1186596,CN0CC3526418062E0VTL,Dell,1707FPc,1707FPc,C,17,Missing Base,DELL-1707FPC-MON-C,40
Sage - CMH,Monitors,1176869,CN0YG6137161868NADFJ,Dell,1707FPt,1707FPt,C,17,,DELL-1707FPT-MON-C,40
Sage - CMH,Monitors,1179993,CN0CC2807161867LBB65,Dell,1707FPt,1707FPt,C,17,,DELL-1707FPT-MON-C,40
Sage - CMH,Monitors,1180008,CN0CC2807161868PAFLQ,Dell,1707FPt,1707FPt,C,17,,DELL-1707FPT-MON-C,40
Sage - CMH,Monitors,1177052,CN0KU78971618781CAS6,Dell,1708FPt,1708FPt,C,17,,DELL-1708FPT-MON-C,40
Sage - CMH,Monitors,1177126,CN0KU78971618784AVJL,Dell,1708FPt,1708FPt,C,17,,DELL-1708FPT-MON-C,40
Sage - CMH,Monitors,1188628,CN0T61167161857MBBJC,Dell,1905FP,1950FP,C,17,,DELL-1905FP-MON-C,40
Sage - CMH,Monitors,1188629,MX0FF491483235AQ0L5A,Dell,1905FP,1950FP,C,17,,DELL-1905FP-MON-C,40
Sage - CMH,Monitors,1188642,MX0FF491483235AC3XKA,Dell,1905FP,1950FP,C,17,,DELL-1905FP-MON-C,40
Sage - CMH,Monitors,1186451,CN0Y42997161859LAGHA,Dell,1905FP,1905FP,C,17,,DELL-1905FP-MON-C,40
Sage - CMH,Monitors,1188214,CN05Y2327161844PA723,Dell,1901FP,1901FP,C,19,,DELL-1901FP-MON-C,60
Sage - CMH,Monitors,1180003,CN05Y23271618483BANR,Dell,1901FP,1901FP,C,19,,DELL-1901FP-MON-C,60
Sage - CMH,Monitors,1188867,CN05Y23271618415B793,Dell,1901FP,1901FP,C,19,Bad VGA Port,DELL-1901FP-MON-C,60
Sage - CMH,Monitors,1176635,CN0T61167161857MB438,Dell,1905FP,1905FP,C,19,,DELL-1905FP-MON-C,60
Sage - CMH,Monitors,1176640,CN0T61167161857MBBQC,Dell,1905FP,1905FP,C,19,,DELL-1905FP-MON-C,60
Sage - CMH,Monitors,1176814,CN0T611671618591AA27,Dell,1905FP,1950FP,C,19,,DELL-1905FP-MON-C,60
Sage - CMH,Monitors,1176818,CN0T611671618593AAZQ,Dell,1905FP,1950FP,C,19,,DELL-1905FP-MON-C,60
Sage - CMH,Monitors,1176821,CN0T611671618513AK2C,Dell,1905FP,1950FP,C,19,,DELL-1905FP-MON-C,60
Sage - CMH,Monitors,1176823,CN0T61167161857MBBNU,Dell,1905FP,1950FP,C,19,,DELL-1905FP-MON-C,60
Sage - CMH,Monitors,1176826,CN0T611671618518AKM5,Dell,1905FP,1950FP,C,19,,DELL-1905FP-MON-C,60
Sage - CMH,Monitors,1176830,CN0T6116716185ALBKPC,Dell,1905FP,1950FP,C,19,,DELL-1905FP-MON-C,60
Sage - CMH,Monitors,1176907,CN0T61167161859HABEH,Dell,1905FP,1905FP,C,19,,DELL-1905FP-MON-C,60
Sage - CMH,Monitors,1176993,CN0T61167161856FAAQB,Dell,1905FP,1905FP,C,19,,DELL-1905FP-MON-C,60
Sage - CMH,Monitors,1177042,CN0T6116716185ALBMLZ,Dell,1905FP,1905FP,C,19,,DELL-1905FP-MON-C,60
Sage - CMH,Monitors,1177043,CN0T6116716185ACADLV,Dell,1905FP,1905FP,C,19,,DELL-1905FP-MON-C,60
Sage - CMH,Monitors,1177170,CN0T6116716185ACADM7,Dell,1905FP,1905FP,C,19,,DELL-1905FP-MON-C,60
Sage - CMH,Monitors,1179981,MX0FF491483235AC34SA,Dell,1905FP,1905FP,C,19,,DELL-1905FP-MON-C,60
Sage - CMH,Monitors,1179986,CN0T61167161857MB779,Dell,1905FP,1905FP,C,19,,DELL-1905FP-MON-C,60
Sage - CMH,Monitors,1180048,CN0T61167161857MBBGY,Dell,1905FP,1950FP,C,19,,DELL-1905FP-MON-C,60
Sage - CMH,Monitors,1180053,CN0T611671618593AB0B,Dell,1905FP,1905FP,C,19,,DELL-1905FP-MON-C,60
Sage - CMH,Monitors,1180057,CN0T6116716185ACADLX,Dell,1905FP,1905FP,C,19,,DELL-1905FP-MON-C,60
Sage - CMH,Monitors,1180061,CN0T61167161857MB434,Dell,1905FP,1905FP,C,19,,DELL-1905FP-MON-C,60
Sage - CMH,Monitors,1180109,CN0T611671618593AAKY,Dell,1905FP,1905FP,C,19,,DELL-1905FP-MON-C,60
Sage - CMH,Monitors,1180110,CN0T611671618513AGEZ,Dell,1905FP,1905FP,C,19,,DELL-1905FP-MON-C,60
Sage - CMH,Monitors,1182825,cn0t6116716185aablbw,Dell,1905FP,1905FP,C,19,,DELL-1905FP-MON-C,60
Sage - CMH,Monitors,1186587,CN0T61167161859DAJ1N,Dell,1905FP,1905FP,C,19,Missing Base,DELL-1905FP-MON-C,60
Sage - CMH,Monitors,1188197,CN0T6116716185ALBMLR,Dell,1905FP,1905FP,C,19,,DELL-1905FP-MON-C,60
Sage - CMH,Monitors,1188201,CN0T611671618586BEHK,Dell,1905FP,1905FP,C,19,,DELL-1905FP-MON-C,60
Sage - CMH,Monitors,1188285,CN0T611671618586BEPG,Dell,1905FP,1905FP,C,19,,DELL-1905FP-MON-C,60
Sage - CMH,Monitors,1188289,CN0T61167161857MBBNZ,Dell,1905FP,1905FP,C,19,,DELL-1905FP-MON-C,60
Sage - CMH,Monitors,1188296,CN0T6116716185ALBKP7,Dell,1905FP,1905FP,C,19,,DELL-1905FP-MON-C,60
Sage - CMH,Monitors,1188297,CN0T61167161859MAENQ,Dell,1905FP,1905FP,C,19,,DELL-1905FP-MON-C,60
Sage - CMH,Monitors,1188548,CN0T61167161859HACA6,Dell,1905FP,1905FP,C,19,,DELL-1905FP-MON-C,60
Sage - CMH,Monitors,1188551,CN0T6116716185ALBKPS,Dell,1905FP,1905FP,C,19,,DELL-1905FP-MON-C,60
Sage - CMH,Monitors,1188652,CN0T611671618516AFHQ,Dell,1905FP,1950FP,C,19,,DELL-1905FP-MON-C,60
Sage - CMH,Monitors,1188872,CN0T61167161857MB032,Dell,1905FP,1950FP,C,19,,DELL-1905FP-MON-C,60
Sage - CMH,Monitors,1176676,CN0T61167161859HABJC,Dell,1905FP,1905FP,C,19,,DELL-1905FP-MON-C,60
Sage - CMH,Monitors,1177021,CN0T6116716185ACADM6,Dell,1905FP,1905FP,C,19,,DELL-1905FP-MON-C,60
Sage - CMH,Monitors,1179987,MX0FF491483235AQ0NVA,Dell,1905FP,1905FP,C,19,,DELL-1905FP-MON-C,60
Sage - CMH,Monitors,1179990,MX0FF491483235AQ04AA,Dell,1905FP,1905FP,C,19,,DELL-1905FP-MON-C,60
Sage - CMH,Monitors,1179996,MX0FF491483235B94DJA,Dell,1905FP,1905FP,C,19,,DELL-1905FP-MON-C,60
Sage - CMH,Monitors,1179997,CN0T61167161857MB427,Dell,1905FP,1905FP,C,19,,DELL-1905FP-MON-C,60
Sage - CMH,Monitors,1180000,MX0FF491483235B95KVA,Dell,1905FP,1905FP,C,19,,DELL-1905FP-MON-C,60
Sage - CMH,Monitors,1180226,MX0FF491483235AC32XA,Dell,1905FP,1905FP,C,19,,DELL-1905FP-MON-C,60
Sage - CMH,Monitors,1180247,CN0T61167161857MBBDR,Dell,1905FP,1905FP,C,19,,DELL-1905FP-MON-C,60
Sage - CMH,Monitors,1180248,CN0T61167161857MB428,Dell,1905FP,1905FP,C,19,,DELL-1905FP-MON-C,60
Sage - CMH,Monitors,1176623,CN0T61167161857KAB4Z,Dell,1905FPt,1905FPt,C,19,,DELL-1905FPT-MON-C,60
Sage - CMH,Monitors,1176668,MX0FF491483235AC4VXA,Dell,1905FPt,1905FPt,C,19,,DELL-1905FPT-MON-C,60
Sage - CMH,Monitors,1176873,CN0CC2996418066M161L,Dell,1907FPc,1907FPc,C,19,,DELL-1907FPC-MON-C,60
Sage - CMH,Monitors,1176874,CN0CC2996418068U83CL,Dell,1907FPc,1907FPc,C,19,,DELL-1907FPC-MON-C,60
Sage - CMH,Monitors,1177036,CN0CC2996418065E1H9L,Dell,1907FPc,1907FPc,C,19,,DELL-1907FPC-MON-C,60
Sage - CMH,Monitors,1180227,CN0CC2996418065E29HL,Dell,1907FPc,1907FPc,C,19,,DELL-1907FPC-MON-C,60
Sage - CMH,Monitors,1186463,CN0CC2996418065E1GVL,Dell,1907FPc,1907FPc,C,19,,DELL-1907FPC-MON-C,60
Sage - CMH,Monitors,1186568,CN0CC2996418065J12TS,Dell,1907FPc,1907FPc,C,19,Missing Base,DELL-1907FPC-MON-C,60
Sage - CMH,Monitors,1176836,CN0CJ319728726B21T7L,Dell,1907FPf,1907FPf,C,19,,DELL-1907FPF-MON-C,60
Sage - CMH,Monitors,1180001,CN0CJ319728726A40DFL,Dell,1907FPf,1907FPf,C,19,,DELL-1907FPF-MON-C,60
Sage - CMH,Monitors,1176619,CN0DC3237161867BB480,Dell,1907FPt,1907FPt,C,19,,DELL-1907FPT-MON-C,60
Sage - CMH,Monitors,1176653,CN0CC2996418063N2BKS,Dell,1907FPt,1907FPt,C,19,,DELL-1907FPT-MON-C,60
Sage - CMH,Monitors,1176657,CN0CC2996418066N11AL,Dell,1907FPt,1907FPt,C,19,,DELL-1907FPT-MON-C,60
Sage - CMH,Monitors,1176864,CN0DC3237161865PBBAL,Dell,1907FPt,1907FPt,C,19,,DELL-1907FPT-MON-C,60
Sage - CMH,Monitors,1180005,CN0DC32371618647BBKJ,Dell,1907FPt,1907FPt,C,19,,DELL-1907FPT-MON-C,60
Sage - CMH,Monitors,1180089,CN0DC32371618647BBJW,Dell,1907FPt,1907FPt,C,19,,DELL-1907FPT-MON-C,60
Sage - CMH,Monitors,1180221,CN0DC32371618646AFK8,Dell,1907FPt,1907FPt,C,19,,DELL-1907FPT-MON-C,60
Sage - CMH,Monitors,1180223,CN0DC3237161865PBAZA,Dell,1907FPt,1907FPt,C,19,,DELL-1907FPT-MON-C,60
Sage - CMH,Monitors,1180224,CN0DC32371618695ACHZ,Dell,1907FPt,1907FPt,C,19,,DELL-1907FPT-MON-C,60
Sage - CMH,Monitors,1184805,CN0DC32371618622AHHC,Dell,1907FPt,1907FPt,C,19,,DELL-1907FPT-MON-C,60
Sage - CMH,Monitors,1186554,CN0DC3237161867GBADW,Dell,1907FPt,1907FPt,C,19,,DELL-1907FPT-MON-C,60
Sage - CMH,Monitors,1186566,CN0DC32371618646AFK3,Dell,1907FPt,1907FPt,C,19,Missing Base,DELL-1907FPT-MON-C,60
Sage - CMH,Monitors,1188188,CN0DC3237161869LGJUL,Dell,1907FPt,1907FPt,C,19,,DELL-1907FPT-MON-C,60
Sage - CMH,Monitors,1188556,CN0DC3237161865HBFT9,Dell,1907FPt,1907FPt,C,19,,DELL-1907FPT-MON-C,60
Sage - CMH,Monitors,1188561,CN0DC3237161862KANDP,Dell,1907FPt,1907FPt,C,19,,DELL-1907FPT-MON-C,60
Sage - CMH,Monitors,1188584,CN0DC32371618647BGUJ,Dell,1907FPt,1907FPt,C,19,,DELL-1907FPT-MON-C,60
Sage - CMH,Monitors,1188870,CN0DC32371618647BGS0,Dell,1907FPt,1907FPt,C,19,,DELL-1907FPT-MON-C,60
Sage - CMH,Monitors,1188874,CN0DC32371618696AAH3,Dell,1907FPt,1907FPt,C,19,,DELL-1907FPT-MON-C,60
Sage - CMH,Monitors,1176652,CN0DC3237161865HBL38,Dell,1907FPt,1907FPt,C,19,,DELL-1907FPT-MON-C,60
Sage - CMH,Monitors,1176867,CN0DC32371618652BH4Y,Dell,1907FPt,1907FPt,C,19,,DELL-1907FPT-MON-C,60
Sage - CMH,Monitors,1179855,CN0DC3237161865PBB6R,Dell,1907FPt,1907FPt,C,19,,DELL-1907FPT-MON-C,60
Sage - CMH,Monitors,1179857,CN0DC3237161862MABD5,Dell,1907FPt,1907FPt,C,19,,DELL-1907FPT-MON-C,60
Sage - CMH,Monitors,1179984,CN0DC3237161865HBJB1,Dell,1907FPt,1907FPt,C,19,,DELL-1907FPT-MON-C,60
Sage - CMH,Monitors,1180010,CN0DC323716186A3AHPX,Dell,1907FPt,1907FPt,C,19,,DELL-1907FPT-MON-C,60
Sage - CMH,Monitors,1180036,CN0DC32371618647BGV2,Dell,1907FPt,1907FPt,C,19,,DELL-1907FPT-MON-C,60
Sage - CMH,Monitors,1188577,CN0DC32371618696AAJ1,Dell,1907FPt,1907FPt,C,19,,DELL-1907FPT-MON-C,60
Sage - CMH,Monitors,1188583,CN0DC3237161862KANDS,Dell,1907FPt,1907FPt,C,19,,DELL-1907FPT-MON-C,60
Sage - CMH,Monitors,1182823,CN0C553H71618865AALDA02,Dell,1907FPVT,1907FPVT,C,19,,DELL-1907FPVT-MON-C,60
Sage - CMH,Monitors,1182824,cn0cc388716187bba677,Dell,1907FPVT,1907FPVT,C,19,,DELL-1907FPVT-MON-C,60
Sage - CMH,Monitors,1176648,MX0DY526742627AO1HJU,Dell,1908FPb,1908FPb,C,19,,DELL-1908FPB-MON-C,60
Sage - CMH,Monitors,1176840,MX0DY526742627BG2EAU,Dell,1908FPb,1908FPb,C,19,,DELL-1908FPB-MON-C,60
Sage - CMH,Monitors,1177029,CN0G313H7426189G355L,Dell,1908FPb,1908FPb,C,19,,DELL-1908FPB-MON-C,60
Sage - CMH,Monitors,1177030,MX0DY526742628651PRLA00,Dell,1908FPb,1908FPb,C,19,,DELL-1908FPB-MON-C,60
Sage - CMH,Monitors,1180079,MX0DY526742627AO1PGU,Dell,1908FPb,1908FPb,C,19,,DELL-1908FPB-MON-C,60
Sage - CMH,Monitors,1184908,CN0G313H742618849GNLA00,Dell,1908FPb,1908FPb,C,19,,DELL-1908FPB-MON-C,60
Sage - CMH,Monitors,1186460,MX0DY526742627BE4RCU,Dell,1908FPb,1908FPb,C,19,,DELL-1908FPB-MON-C,60
Sage - CMH,Monitors,1188207,0G434H,Dell,1908FPb,1908FPb,C,19,,DELL-1908FPB-MON-C,60
Sage - CMH,Monitors,1188299,CN0FP1827161877HAE5N,Dell,1908FPb,1908FPb,C,19,,DELL-1908FPB-MON-C,60
Sage - CMH,Monitors,1188588,MX0DY526742627BG1D6U,Dell,1908FPb,1908FPb,C,19,,DELL-1908FPB-MON-C,60
Sage - CMH,Monitors,1188655,CN0DY8407426184Q4URU,Dell,1908FPb,1908FPb,C,19,,DELL-1908FPB-MON-C,60
Sage - CMH,Monitors,1176660,MX0DY526742627BG1A4U,Dell,1908FPb,1908FPb,C,19,,DELL-1908FPB-MON-C,60
Sage - CMH,Monitors,1177024,CN0G313H7426187I92TLA00,Dell,1908FPb,1908FPb,C,19,,DELL-1908FPB-MON-C,60
Sage - CMH,Monitors,1179842,CN0DY8407426184Q75EU,Dell,1908FPb,1908FPb,C,19,,DELL-1908FPB-MON-C,60
Sage - CMH,Monitors,1180082,MX0DY526742627BC2CAU,Dell,1908FPb,1908FPb,C,19,,DELL-1908FPB-MON-C,60
Sage - CMH,Monitors,1180240,MX0DY526742627BG1A2U,Dell,1908FPb,1908FPb,C,19,,DELL-1908FPB-MON-C,60
Sage - CMH,Monitors,1186576,CN0G438H6418086K17LHA00,Dell,1908FPc,1908FPc,C,19,Missing Base,DELL-1908FPC-MON-C,60
Sage - CMH,Monitors,1179829,CN0G438H641808712UCHA00,Dell,1908FPc,1908FPc,C,19,,DELL-1908FPC-MON-C,60
Sage - CMH,Monitors,1180043,CN0G438H641808BB105L,Dell,1908FPc,1908FPc,C,19,,DELL-1908FPC-MON-C,60
Sage - CMH,Monitors,1188586,CN0UW0426418082S0ALL,Dell,1908FPc,1908FPc,C,19,,DELL-1908FPC-MON-C,60
Sage - CMH,Monitors,1177033,CN0FP1827161877HAEE1,Dell,1908FPt,1908FPT,C,19,,DELL-1908FPT-MON-C,60
Sage - CMH,Monitors,1177035,CN0FP1827161877EBAA1,Dell,1908FPt,1908FPT,C,19,,DELL-1908FPT-MON-C,60
Sage - CMH,Monitors,1180219,CN0FP1827161881FAAXE,Dell,1908FPt,1908FPT,C,19,,DELL-1908FPT-MON-C,60
Sage - CMH,Monitors,1180220,CN0FP1827161885SR458,Dell,1908FPt,1908FPT,C,19,,DELL-1908FPT-MON-C,60
Sage - CMH,Monitors,1186570,CN0FP1827161877HAESR,Dell,1908FPt,1908FPT,C,19,Missing Base,DELL-1908FPT-MON-C,60
Sage - CMH,Monitors,1188544,CN0G434H7161887NGL2UA00,Dell,1908FPt,1908FPT,C,19,,DELL-1908FPT-MON-C,60
Sage - CMH,Monitors,1180041,CN0FP1827161877HAESY,Dell,1908FPt,1908FPT,C,19,,DELL-1908FPT-MON-C,60
Sage - CMH,Monitors,1180228,MX0KW0837248582CBARS,Dell,1908WFPt,1908WFPt,C,19,,DELL-1908WFPT-MON-C,60
Sage - CMH,Monitors,1176630,CN0Y320G7426197D62AS,Dell,1909Wb,1909Wb,C,19,,DELL-1909WB-MON-C,60
Sage - CMH,Monitors,1176337,CN0Y320G7426197D62US,Dell,1909Wb,1909Wb,C,19,,DELL-1909WB-MON-C,60
Sage - CMH,Monitors,1184900,CN0T571R6418007E14PL,Dell,E1910C,E1910C,C,19,,DELL-E1910C-MON-C,60
Sage - CMH,Monitors,1188281,CN0RW195728727982WWS,Dell,E198WFPf,E198WFPf,C,19,,DELL-E198WFPF-MON-C,60
Sage - CMH,Monitors,1188532,CN0MM2267373179N8EPS,Dell,E198WFPv,E198WFPv,C,19,,DELL-E198WFPV-MON-C,60
Sage - CMH,Monitors,1188536,CN0MM2267373179N8F6S,Dell,E198WFPv,E198WFPv,C,19,,DELL-E198WFPV-MON-C,60
Sage - CMH,Monitors,1183350,CN0M39MD74445224C30U,Dell,P190St,P190St,C,19,,DELL-P190ST-MON-C,60
Sage - CMH,Monitors,1188529,CN077NPN74261146186S,Dell,P1911b,P1911b,C,19,,DELL-P1911B-MON-C,60
Sage - CMH,Monitors,1177154,CN0YGP39728724BMA3RL,Dell,P1914Sf,P1914sf,C,19,,DELL-P1914SF-MON-C,60
Sage - CMH,Monitors,1182826,cn0un4927373185e77mu,Dell,SE198WFPv,SE198WFPv,C,19,,DELL-SE198WFPV-MON-C,60
Sage - CMH,Monitors,1188929,CNP532J0ZX,HP,1940,HP 1940,C,19,,HP-1940-MON-C,60
Sage - CMH,Monitors,1177122,3CQ0153TL7,HP,LE1901w,LE1901w,C,19,,HP-LE1901W-MON-C,60
Sage - CMH,Monitors,1176692,52121813YA,NEC,LC1970NX,LC1970NX2,C,19,,NEC-LC1970NX-MON-C,60
Sage - CMH,Monitors,1180286,PP19HVMSC00361A,Samsung,LF19PPBCB/ZA,LF19PPBCB/ZA,C,19,,SAMSUNG-LF19PPBCB/ZA-MON-C,60
Sage - CMH,Monitors,1188772,CNK8470W8C,HP,L2245wg,L2245wg,C,19.5,,HP-L2245WG-MON-C,60
Sage - CMH,Monitors,1182435,MX0G324H7426219E241L,Dell,2000FPb,2000FPb,C,20,,DELL-2000FPB-MON-C,60
Sage - CMH,Monitors,1176906,CN0C95364663365L09UL,Dell,2007FPB,2007FPB,C,20,,DELL-2007FPB-MON-C,60
Sage - CMH,Monitors,1184888,MX0G324H7426206O135L,Dell,2007FPB,2007FPB,C,20,,DELL-2007FPB-MON-C,60
Sage - CMH,Monitors,1188309,MX0C95367426279R34ES,Dell,2007FPB,2007FPB,C,20,,DELL-2007FPB-MON-C,60
Sage - CMH,Monitors,1180207,CN0G433H71618871GWVUA00,Dell,2009Wt,2009Wt,C,20,,DELL-2009WT-MON-C,60
Sage - CMH,Monitors,1180209,CN0G433H7161887VAT2UA00,Dell,2009Wt,2009Wt,C,20,,DELL-2009WT-MON-C,60
Sage - CMH,Monitors,1160101,CN0H5J5G744450C2210S,Dell,E2011Ht,E2011Ht,C,20,,DELL-E2011HT-MON-C,60
Sage - CMH,Monitors,1180009,CN0CK630641807670LTA,Dell,E207WFPc,E207WFPc,C,20,,DELL-E207WFPC-MON-C,60
Sage - CMH,Monitors,1180098,CN0HPHVX7444511OA2QL,Dell,P2011Ht,P2011Ht,C,20,,DELL-P2011HT-MON-C,60
Sage - CMH,Monitors,1108034,CNG73002DP,HP,EF227A,HSTND-2101-G,C,20,,HP-EF227A-MON-C,60
Sage - CMH,Monitors,1184768,811PNKQ01110,NDS SURGICAL IMAGING,GX2MP,GX2MP,C,20,,NDSSURGICALIMAGING-GX2MP-MON-C,60
Sage - CMH,Monitors,1184771,811PNKQ01108,NDS SURGICAL IMAGING,GX2MP,GX2MP,C,20,,NDSSURGICALIMAGING-GX2MP-MON-C,60
Sage - CMH,Monitors,1075827,91604934485,Acer,V226HQL,V226HQL,C,21.5,,ACER-V226HQL-MON-C,60
Sage - CMH,Monitors,1075474,CN02Y31571618461ACEM,Dell,1703FPT,02Y315,C,22,,DELL-1703FPT-MON-C,70
Sage - CMH,Monitors,1111662,CN0T61167161857KAB57,Dell,1905FP,1905FP,C,22,,DELL-1905FP-MON-C,70
Sage - CMH,Monitors,1179988,MX0W869048323628143A,Dell,1905FP,1905FP,C,22,,DELL-1905FP-MON-C,70
Sage - CMH,Monitors,1075463,CN0F532H71618871BUMMA01,Dell,2208WFPt,0F532H,C,22,,DELL-2208WFPT-MON-C,70
Sage - CMH,Monitors,1075464,CN0F532H71618871BUAMA01,Dell,2208WFPt,0F532H,C,22,,DELL-2208WFPT-MON-C,70
Sage - CMH,Monitors,1160090,CN0F532H7444592N218S,Dell,2208WFPt,2208WFPt,C,22,,DELL-2208WFPT-MON-C,70
Sage - CMH,Monitors,1160093,CN0F532H7161888LA0FS,Dell,2208WFPt,2208WFPt,C,22,,DELL-2208WFPT-MON-C,70
Sage - CMH,Monitors,1176694,CN0F532H7161886CA0WSA01,Dell,2208WFPt,2208WFPt,C,22,,DELL-2208WFPT-MON-C,70
Sage - CMH,Monitors,1177139,CN0F532H7444592EA8YS,Dell,2208WFPt,2208WFPt,C,22,,DELL-2208WFPT-MON-C,70
Sage - CMH,Monitors,1180271,CN0CU889716187ATD1XU,Dell,2208WFPt,2208WFPt,C,22,,DELL-2208WFPT-MON-C,70
Sage - CMH,Monitors,1188675,CN0F532H7444592EAC1S,Dell,2208WFPt,2208WFPt,C,22,,DELL-2208WFPT-MON-C,70
Sage - CMH,Monitors,1188677,CN0F532H7444389BFGYS,Dell,2208WFPt,2208WFPt,C,22,,DELL-2208WFPT-MON-C,70
Sage - CMH,Monitors,1075531,CN0H736H7287204926DL,Dell,2209WAf,0H736H,C,22,,DELL-2209WAF-MON-C,70
Sage - CMH,Monitors,1112589,CN0H736H728720792KVL,Dell,2209WAf,2209WAf,C,22,,DELL-2209WAF-MON-C,70
Sage - CMH,Monitors,1176838,CN0H736H7287201A05TL,Dell,2209WAf,2209WAf,C,22,,DELL-2209WAF-MON-C,70
Sage - CMH,Monitors,1180258,CN0H736H7287296G15CL,Dell,2209WAf,2209WAf,C,22,,DELL-2209WAF-MON-C,70
Sage - CMH,Monitors,1179965,CN0H736H728720380TUL,Dell,2209WAf,2209WAf,C,22,,DELL-2209WAF-MON-C,70
Sage - CMH,Monitors,1188595,CN0T808R64180067071L,Dell,E2210c,e2210c,C,22,,DELL-E2210C-MON-C,70
Sage - CMH,Monitors,1179956,MX0P875P7071505R05WL,Dell,E2210Hc,E2210Hc,C,22,,DELL-E2210HC-MON-C,70
Sage - CMH,Monitors,1112740,CN0KU311641807BL11NM,Dell,E228WFPc,E228WFPc,C,22,,DELL-E228WFPC-MON-C,70
Sage - CMH,Monitors,1179961,CN0X764G6418088C1J4MA00,Dell,E228WFPc,E228WFPc,C,22,,DELL-E228WFPC-MON-C,70
Sage - CMH,Monitors,1112564,CN0T776R7287204P1FHL,Dell,P2210F,P2210F,C,22,,DELL-P2210F-MON-C,70
Sage - CMH,Monitors,1075521,CN0NK96N74445186AHES,Dell,P2210t,0NK96N,C,22,,DELL-P2210T-MON-C,70
Sage - CMH,Monitors,1075523,CN0U828K7444503ICFPS,Dell,P2210t,0NK96N,C,22,,DELL-P2210T-MON-C,70
Sage - CMH,Monitors,1110528,CN0U828K7444596S949S,Dell,P2210t,P2210t,C,22,,DELL-P2210T-MON-C,70
Sage - CMH,Monitors,1112553,CN0NK96N74445186AH9S,Dell,P2210t,P2210t,C,22,,DELL-P2210T-MON-C,70
Sage - CMH,Monitors,1112555,CN0U828K7444506BBYVS,Dell,P2210t,P2210t,C,22,,DELL-P2210T-MON-C,70
Sage - CMH,Monitors,1112559,CN0NK96N7444518V742S,Dell,P2210t,P2210t,C,22,,DELL-P2210T-MON-C,70
Sage - CMH,Monitors,1112591,CN0NK96N7444518V960S,Dell,P2210t,P2210t,C,22,,DELL-P2210T-MON-C,70
Sage - CMH,Monitors,1112592,CN0NK96N7444518V978S,Dell,P2210t,P2210t,C,22,,DELL-P2210T-MON-C,70
Sage - CMH,Monitors,1112594,CN0NK96N7444518I060L,Dell,P2210t,P2210t,C,22,,DELL-P2210T-MON-C,70
Sage - CMH,Monitors,1112596,CN0NK96N7444518V976S,Dell,P2210t,P2210t,C,22,,DELL-P2210T-MON-C,70
Sage - CMH,Monitors,1112598,CN0NK96N7444518V962S,Dell,P2210t,P2210t,C,22,,DELL-P2210T-MON-C,70
Sage - CMH,Monitors,1160063,CN0U828K7444504RDABL,Dell,P2210t,P2210t,C,22,,DELL-P2210T-MON-C,70
Sage - CMH,Monitors,1160094,CN0U828K7444599QDPBM,Dell,P2210t,P2210t,C,22,,DELL-P2210T-MON-C,70
Sage - CMH,Monitors,1112601,CN0TYXD97444506F849L,Dell,P2211Ht,P2211Ht,C,22,,DELL-P2211HT-MON-C,70
Sage - CMH,Monitors,1176872,MX03X03G7444608N476L,Dell,P2211Ht,P2211Ht,C,22,,DELL-P2211HT-MON-C,70
Sage - CMH,Monitors,1112603,CN0NDMRP7426129T24TM,Dell,P2212Hb,P2212Hb,C,22,,DELL-P2212HB-MON-C,70
Sage - CMH,Monitors,1112614,CN0NDMRP7426121L29KS,Dell,P2212Hb,P2212Hb,C,22,,DELL-P2212HB-MON-C,70
Sage - CMH,Monitors,1112765,CN0NDMRP7426129T2K8M,Dell,P2212Hb,P2212Hb,C,22,,DELL-P2212HB-MON-C,70
Sage - CMH,Monitors,1161331,CN0NDMRP7426129M0Y6M,Dell,P2212Hb,P2212Hb,C,22,,DELL-P2212HB-MON-C,70
Sage - CMH,Monitors,1161340,CN0NDMRP7426129M0VGM,Dell,P2212Hb,P2212Hb,C,22,,DELL-P2212HB-MON-C,70
Sage - CMH,Monitors,1177160,cn0ndmrp742612393yds,Dell,P2212Hb,P2212Hb,C,22,,DELL-P2212HB-MON-C,70
Sage - CMH,Monitors,1180103,CN0NDMRP7426129M0LFM,Dell,P2212Hb,P2212Hb,C,22,,DELL-P2212HB-MON-C,70
Sage - CMH,Monitors,1180217,CN0NDMRP7426129T2KWM,Dell,P2212Hb,P2212Hb,C,22,,DELL-P2212HB-MON-C,70
Sage - CMH,Monitors,1180273,CN0NDMRP7426129T1U6M,Dell,P2212Hb,P2212Hb,C,22,,DELL-P2212HB-MON-C,70
Sage - CMH,Monitors,1186584,CN0NDMRP7426129M05NM,Dell,P2212Hb,P2212Hb,C,22,,DELL-P2212HB-MON-C,70
Sage - CMH,Monitors,1186585,CN0NDMRP742611A42KKM,Dell,P2212Hb,P2212Hb,C,22,Missing Base,DELL-P2212HB-MON-C,70
Sage - CMH,Monitors,1188679,CN0NDMRP7426129M16GM,Dell,P2212Hb,P2212Hb,C,22,,DELL-P2212HB-MON-C,70
Sage - CMH,Monitors,1176305,CN0NDMRP742611A40YRM,Dell,P2212Hb,P2212Hb,C,22,,DELL-P2212HB-MON-C,70
Sage - CMH,Monitors,1176311,CN0NDMRP742611AR065S,Dell,P2212Hb,P2212Hb,C,22,,DELL-P2212HB-MON-C,70
Sage - CMH,Monitors,1176349,CN0NDMRP7426129M05UM,Dell,P2212Hb,P2212Hb,C,22,,DELL-P2212HB-MON-C,70
Sage - CMH,Monitors,1176352,CN0W4XCG7444516O282S,Dell,P2212Hb,P2212Hb,C,22,,DELL-P2212HB-MON-C,70
Sage - CMH,Monitors,1112607,CN0174R77287228EAYMU,Dell,P2212Hf,P2212HF,C,22,,DELL-P2212HF-MON-C,70
Sage - CMH,Monitors,1112609,CN0174R772872289CAWU,Dell,P2212Hf,P2212HF,C,22,,DELL-P2212HF-MON-C,70
Sage - CMH,Monitors,1112612,CN0174R77287228ECENU,Dell,P2212Hf,P2212HF,C,22,,DELL-P2212HF-MON-C,70
Sage - CMH,Monitors,1112616,CN0174R77287228ED3MU,Dell,P2212Hf,P2212HF,C,22,,DELL-P2212HF-MON-C,70
Sage - CMH,Monitors,1112739,CN0174R772872289CKEU,Dell,P2212Hf,P2212HF,C,22,,DELL-P2212HF-MON-C,70
Sage - CMH,Monitors,1112812,CN0174R77287228LARMU,Dell,P2212Hf,P2212HF,C,22,,DELL-P2212HF-MON-C,70
Sage - CMH,Monitors,1180214,CN0174R77287228MC0LU,Dell,P2212Hf,P2212HF,C,22,,DELL-P2212HF-MON-C,70
Sage - CMH,Monitors,1108591,CN0FP04F72872365DCGS,Dell,P2213f,P2213f,C,22,,DELL-P2213F-MON-C,70
Sage - CMH,Monitors,1108595,CN0FJ44J7444533EA9BS,Dell,P2213t,p2213t,C,22,,DELL-P2213T-MON-C,70
Sage - CMH,Monitors,1110526,MX0YK37H744462C4191S,Dell,P2213t,p2213t,C,22,,DELL-P2213T-MON-C,70
Sage - CMH,Monitors,1162467,MX0YK37H7444635TA0US,Dell,P2213t,p2213t,C,22,,DELL-P2213T-MON-C,70
Sage - CMH,Monitors,1161356,MX0HMN4M742623C91CTL,Dell,P2214Hb,p2214Hb,C,22,,DELL-P2214HB-MON-C,70
Sage - CMH,Monitors,1159826,4V15GN2,Dell,P2217H,P2217H,C,22,,DELL-P2217H-MON-C,70
Sage - CMH,Monitors,1159849,5Q15GN2,Dell,P2217H,P2217H,C,22,,DELL-P2217H-MON-C,70
Sage - CMH,Monitors,1159931,BZ15GN2,Dell,P2217H,P2217H,C,22,,DELL-P2217H-MON-C,70
Sage - CMH,Monitors,1159934,6C25GN2,Dell,P2217H,P2217H,C,22,,DELL-P2217H-MON-C,70
Sage - CMH,Monitors,1160007,FT4DFJ2,Dell,P2217H,P2217H,C,22,,DELL-P2217H-MON-C,70
Sage - CMH,Monitors,1160008,3T4DFJ2,Dell,P2217H,P2217H,C,22,,DELL-P2217H-MON-C,70
Sage - CMH,Monitors,1160053,88LWCD2,Dell,P2217H,P2217H,C,22,,DELL-P2217H-MON-C,70
Sage - CMH,Monitors,1160055,BJLWCD2,Dell,P2217H,P2217H,C,22,,DELL-P2217H-MON-C,70
Sage - CMH,Monitors,1160057,9RGFFJ2,Dell,P2217H,P2217H,C,22,,DELL-P2217H-MON-C,70
Sage - CMH,Monitors,1160061,H9SKBK2,Dell,P2217H,P2217H,C,22,,DELL-P2217H-MON-C,70
Sage - CMH,Monitors,1160064,5Y28TL2,Dell,P2217H,P2217H,C,22,,DELL-P2217H-MON-C,70
Sage - CMH,Monitors,1160066,TW0KRRN9QDT0077P0WWLA00,Dell,P2217H,P2217H,C,22,,DELL-P2217H-MON-C,70
Sage - CMH,Monitors,1160068,146T9F2,Dell,P2217H,P2217H,C,22,,DELL-P2217H-MON-C,70
Sage - CMH,Monitors,1160072,FLLWCD2,Dell,P2217H,P2217H,C,22,,DELL-P2217H-MON-C,70
Sage - CMH,Monitors,1160076,JSGFFJ2,Dell,P2217H,P2217H,C,22,,DELL-P2217H-MON-C,70
Sage - CMH,Monitors,1160081,BS4DFJ2,Dell,P2217H,P2217H,C,22,,DELL-P2217H-MON-C,70
Sage - CMH,Monitors,1160082,4S15GN2,Dell,P2217H,P2217H,C,22,,DELL-P2217H-MON-C,70
Sage - CMH,Monitors,1160084,10G4GN2,Dell,P2217H,P2217H,C,22,,DELL-P2217H-MON-C,70
Sage - CMH,Monitors,1160089,6025GN2,Dell,P2217H,P2217H,C,22,,DELL-P2217H-MON-C,70
Sage - CMH,Monitors,1160092,7S4DFJ2,Dell,P2217H,P2217H,C,22,,DELL-P2217H-MON-C,70
Sage - CMH,Monitors,1160099,DKMHNG2,Dell,P2217H,P2217H,C,22,,DELL-P2217H-MON-C,70
Sage - CMH,Monitors,1160220,G12M812,Dell,P2217H,P2217H,C,22,,DELL-P2217H-MON-C,70
Sage - CMH,Monitors,1160228,7B25GN2,Dell,P2217H,P2217H,C,22,,DELL-P2217H-MON-C,70
Sage - CMH,Monitors,1160233,HK15GN2,Dell,P2217H,P2217H,C,22,,DELL-P2217H-MON-C,70
Sage - CMH,Monitors,1160237,5951MB2,Dell,P2217H,P2217H,C,22,,DELL-P2217H-MON-C,70
Sage - CMH,Monitors,1160247,3Z55GN2,Dell,P2217H,P2217H,C,22,,DELL-P2217H-MON-C,70
Sage - CMH,Monitors,1160248,HS4DFJ2,Dell,P2217H,P2217H,C,22,,DELL-P2217H-MON-C,70
Sage - CMH,Monitors,1160250,6T15GN2,Dell,P2217H,P2217H,C,22,,DELL-P2217H-MON-C,70
Sage - CMH,Monitors,1160252,FD55GN2,Dell,P2217H,P2217H,C,22,,DELL-P2217H-MON-C,70
Sage - CMH,Monitors,1160255,JN15GN2,Dell,P2217H,P2217H,C,22,,DELL-P2217H-MON-C,70
Sage - CMH,Monitors,1160256,HX55GN2,Dell,P2217H,P2217H,C,22,,DELL-P2217H-MON-C,70
Sage - CMH,Monitors,1160265,DX15GN2,Dell,P2217H,P2217H,C,22,,DELL-P2217H-MON-C,70
Sage - CMH,Monitors,1160267,1QWQ9F2,Dell,P2217H,P2217H,C,22,,DELL-P2217H-MON-C,70
Sage - CMH,Monitors,1160269,62G4GN2,Dell,P2217H,P2217H,C,22,,DELL-P2217H-MON-C,70
Sage - CMH,Monitors,1160270,7Y15GN2,Dell,P2217H,P2217H,C,22,,DELL-P2217H-MON-C,70
Sage - CMH,Monitors,1160271,1X5T9F2,Dell,P2217H,P2217H,C,22,,DELL-P2217H-MON-C,70
Sage - CMH,Monitors,1160272,1S15GN2,Dell,P2217H,P2217H,C,22,,DELL-P2217H-MON-C,70
Sage - CMH,Monitors,1160274,HS15GN2,Dell,P2217H,P2217H,C,22,,DELL-P2217H-MON-C,70
Sage - CMH,Monitors,1160275,7R4DFJ2,Dell,P2217H,P2217H,C,22,,DELL-P2217H-MON-C,70
Sage - CMH,Monitors,1160282,6S4DFJ2,Dell,P2217H,P2217H,C,22,,DELL-P2217H-MON-C,70
Sage - CMH,Monitors,1160284,8T55GN2,Dell,P2217H,P2217H,C,22,,DELL-P2217H-MON-C,70
Sage - CMH,Monitors,1160288,1V55GN2,Dell,P2217H,P2217H,C,22,,DELL-P2217H-MON-C,70
Sage - CMH,Monitors,1160289,2X55GN2,Dell,P2217H,P2217H,C,22,,DELL-P2217H-MON-C,70
Sage - CMH,Monitors,1160291,2X15GN2,Dell,P2217H,P2217H,C,22,,DELL-P2217H-MON-C,70
Sage - CMH,Monitors,1160292,J7SKBK2,Dell,P2217H,P2217H,C,22,,DELL-P2217H-MON-C,70
Sage - CMH,Monitors,1160294,HM15GN2,Dell,P2217H,P2217H,C,22,,DELL-P2217H-MON-C,70
Sage - CMH,Monitors,1160295,FN15GN2,Dell,P2217H,P2217H,C,22,,DELL-P2217H-MON-C,70
Sage - CMH,Monitors,1160296,18BT9F2,Dell,P2217H,P2217H,C,22,,DELL-P2217H-MON-C,70
Sage - CMH,Monitors,1160297,8ZF4GN2,Dell,P2217H,P2217H,C,22,,DELL-P2217H-MON-C,70
Sage - CMH,Monitors,1160298,CS4DFJ2,Dell,P2217H,P2217H,C,22,,DELL-P2217H-MON-C,70
Sage - CMH,Monitors,1160299,8S4DFJ2,Dell,P2217H,P2217H,C,22,,DELL-P2217H-MON-C,70
Sage - CMH,Monitors,1160300,7S15GN2,Dell,P2217H,P2217H,C,22,,DELL-P2217H-MON-C,70
Sage - CMH,Monitors,1160302,CY55GN2,Dell,P2217H,P2217H,C,22,,DELL-P2217H-MON-C,70
Sage - CMH,Monitors,1160303,7W55GN2,Dell,P2217H,P2217H,C,22,,DELL-P2217H-MON-C,70
Sage - CMH,Monitors,1160304,8B25GN2,Dell,P2217H,P2217H,C,22,,DELL-P2217H-MON-C,70
Sage - CMH,Monitors,1160305,DT15GN2,Dell,P2217H,P2217H,C,22,,DELL-P2217H-MON-C,70
Sage - CMH,Monitors,1160307,JR4DFJ2,Dell,P2217H,P2217H,C,22,,DELL-P2217H-MON-C,70
Sage - CMH,Monitors,1160308,CN15GN2,Dell,P2217H,P2217H,C,22,,DELL-P2217H-MON-C,70
Sage - CMH,Monitors,1160309,4T4DFJ2,Dell,P2217H,P2217H,C,22,,DELL-P2217H-MON-C,70
Sage - CMH,Monitors,1160310,3V4DFJ2,Dell,P2217H,P2217H,C,22,,DELL-P2217H-MON-C,70
Sage - CMH,Monitors,1160312,5W55GN2,Dell,P2217H,P2217H,C,22,,DELL-P2217H-MON-C,70
Sage - CMH,Monitors,1160314,9D55GN2,Dell,P2217H,P2217H,C,22,,DELL-P2217H-MON-C,70
Sage - CMH,Monitors,1183349,G9CGFJ2,Dell,P2217H,P2217H,C,22,,DELL-P2217H-MON-C,70
Sage - CMH,Monitors,1159795,6Z55GN2,Dell,P2217H,P2217H,C,22,,DELL-P2217H-MON-C,70
Sage - CMH,Monitors,1159798,HT4DFJ2,Dell,P2217H,P2217H,C,22,,DELL-P2217H-MON-C,70
Sage - CMH,Monitors,1160065,JW9T9F2,Dell,P2217H,P2217H,C,22,,DELL-P2217H-MON-C,70
Sage - CMH,Monitors,1160070,3X9T9F2,Dell,P2217H,P2217H,C,22,,DELL-P2217H-MON-C,70
Sage - CMH,Monitors,1160074,HGT6HN2,Dell,P2217H,P2217H,C,22,,DELL-P2217H-MON-C,70
Sage - CMH,Monitors,1160086,3C25GN2,Dell,P2217H,P2217H,C,22,,DELL-P2217H-MON-C,70
Sage - CMH,Monitors,1160088,12VZLB2,Dell,P2217H,P2217H,C,22,,DELL-P2217H-MON-C,70
Sage - CMH,Monitors,1176315,CN0668VCQDC0081O0M8LA05,Dell,P2217H,P2217H,C,22,,DELL-P2217H-MON-C,70
Sage - CMH,Monitors,1108775,tw027hw37426459410gl,Dell,P2414hb,p2414hb,C,22,,DELL-P2414HB-MON-C,70
Sage - CMH,Monitors,1083295,CNK4310P0N,HP,EliteDipslay E221,HSTND-3701,C,22,,HP-DIPSLAYE221-MON-C,70
Sage - CMH,Monitors,1083581,CNC4040P4V,HP,EliteDipslay E221,HSTND-3701,C,22,,HP-DIPSLAYE221-MON-C,70
Sage - CMH,Monitors,1176971,CNC3370861,HP,EliteDipslay E221,C9V76A,C,22,,HP-DIPSLAYE221-MON-C,70
Sage - CMH,Monitors,1177123,CNK3110D8R,HP,EliteDipslay E221,C9V76A,C,22,,HP-DIPSLAYE221-MON-C,70
Sage - CMH,Monitors,1188927,CNC31003C0,HP,EliteDisplay E221,EliteDisplay E221,C,22,,HP-DISPLAYE221-MON-C,70
Sage - CMH,Monitors,1083301,CNC53604PC,HP,EliteDisplay E221i,F9Z09A,C,22,,HP-DISPLAYE221I-MON-C,70
Sage - CMH,Monitors,1111584,3CQ9425HPG,HP,L2205wg,MN274A,C,22,,HP-L2205WG-MON-C,70
Sage - CMH,Monitors,1108039,CNK812064H,HP,L2245w,GX008A,C,22,,HP-L2245W-MON-C,70
Sage - CMH,Monitors,1108042,CNK81005J2,HP,L2245w,GX008A,C,22,,HP-L2245W-MON-C,70
Sage - CMH,Monitors,1111581,CNK8461DM0,HP,L2245wg,L2245wg,C,22,,HP-L2245WG-MON-C,70
Sage - CMH,Monitors,1111585,CNK8461DHY,HP,L2245wg,FL472A,C,22,,HP-L2245WG-MON-C,70
Sage - CMH,Monitors,1111586,CNK8470WMJ,HP,L2245wg,L2245wg,C,22,,HP-L2245WG-MON-C,70
Sage - CMH,Monitors,1111588,CNK8461F1Z,HP,L2245wg,FL472A,C,22,,HP-L2245WG-MON-C,70
Sage - CMH,Monitors,1111590,CNK8461DC0,HP,L2245wg,L2245wg,C,22,,HP-L2245WG-MON-C,70
Sage - CMH,Monitors,1111592,CNK8470W1N,HP,L2245wg,L2245wg,C,22,,HP-L2245WG-MON-C,70
Sage - CMH,Monitors,1111594,CNK8470WCK,HP,L2245wg,FL472A,C,22,,HP-L2245WG-MON-C,70
Sage - CMH,Monitors,1111596,CNK8450CYW,HP,L2245wg,L2245wg,C,22,,HP-L2245WG-MON-C,70
Sage - CMH,Monitors,1111598,CNK8441K9Y,HP,L2245wg,FL472A,C,22,,HP-L2245WG-MON-C,70
Sage - CMH,Monitors,1111601,CNK8461DL3,HP,L2245wg,FL472A,C,22,,HP-L2245WG-MON-C,70
Sage - CMH,Monitors,1111603,CNK8450CQ2,HP,L2245wg,L2245wg,C,22,,HP-L2245WG-MON-C,70
Sage - CMH,Monitors,1111606,CNK8470MHP,HP,L2245wg,L2245wg,C,22,loose audio button,HP-L2245WG-MON-C,70
Sage - CMH,Monitors,1111610,CNK8441JSY,HP,L2245wg,FL472A,C,22,,HP-L2245WG-MON-C,70
Sage - CMH,Monitors,1111619,CNK8461CVC,HP,L2245wg,L2245wg,C,22,,HP-L2245WG-MON-C,70
Sage - CMH,Monitors,1111621,CNK8461CQB,HP,L2245wg,L2245wg,C,22,,HP-L2245WG-MON-C,70
Sage - CMH,Monitors,1111622,CNK9290L3D,HP,L2245wg,L2245wg,C,22,,HP-L2245WG-MON-C,70
Sage - CMH,Monitors,1111623,CNK8470XX9,HP,L2245wg,L2245wg,C,22,,HP-L2245WG-MON-C,70
Sage - CMH,Monitors,1111668,CNK8461JSV,HP,L2245wg,L2245wg,C,22,,HP-L2245WG-MON-C,70
Sage - CMH,Monitors,1111671,CNK8450FQC,HP,L2245wg,L2245wg,C,22,,HP-L2245WG-MON-C,70
Sage - CMH,Monitors,1111672,CNK8441KDP,HP,L2245wg,L2245wg,C,22,,HP-L2245WG-MON-C,70
Sage - CMH,Monitors,1111673,CNK8461BSX,HP,L2245wg,L2245wg,C,22,,HP-L2245WG-MON-C,70
Sage - CMH,Monitors,1111675,CNK8461BK9,HP,L2245wg,L2245wg,C,22,,HP-L2245WG-MON-C,70
Sage - CMH,Monitors,1111676,CNK8461BQJ,HP,L2245wg,L2245wg,C,22,,HP-L2245WG-MON-C,70
Sage - CMH,Monitors,1111677,CNK8461JT9,HP,L2245wg,L2245wg,C,22,,HP-L2245WG-MON-C,70
Sage - CMH,Monitors,1111692,CNK8441HKX,HP,L2245wg,L2245wg,C,22,,HP-L2245WG-MON-C,70
Sage - CMH,Monitors,1112742,CNK8470WMD,HP,L2245wg,FLA72A,C,22,,HP-L2245WG-MON-C,70
Sage - CMH,Monitors,1112748,CNK8470MBP,HP,L2245wg,FLA72A,C,22,,HP-L2245WG-MON-C,70
Sage - CMH,Monitors,1112750,CNK8470WG8,HP,L2245wg,FLA72A,C,22,,HP-L2245WG-MON-C,70
Sage - CMH,Monitors,1112761,CNK8461DVP,HP,L2245wg,FLA72A,C,22,,HP-L2245WG-MON-C,70
Sage - CMH,Monitors,1158540,CNK8440KDK,HP,L2245wg,FL472A,C,22,,HP-L2245WG-MON-C,70
Sage - CMH,Monitors,1176243,CNK8461FL7,HP,L2245wg,FL472A,C,22,,HP-L2245WG-MON-C,70
Sage - CMH,Monitors,1176376,CNK84004G4,HP,L2245wg,FL472A,C,22,,HP-L2245WG-MON-C,70
Sage - CMH,Monitors,1176570,CNK9290KLJ,HP,L2245wg,FL472A,C,22,,HP-L2245WG-MON-C,70
Sage - CMH,Monitors,1176575,CNK8461F1W,HP,L2245wg,FL472A,C,22,,HP-L2245WG-MON-C,70
Sage - CMH,Monitors,1176729,CNK8470WSN,HP,L2245wg,FLA72A,C,22,,HP-L2245WG-MON-C,70
Sage - CMH,Monitors,1176736,CNK9290KKZ,HP,L2245wg,FLA72A,C,22,,HP-L2245WG-MON-C,70
Sage - CMH,Monitors,1176749,CNK8470MF2,HP,L2245wg,FLA72A,C,22,,HP-L2245WG-MON-C,70
Sage - CMH,Monitors,1176764,CNK8470Y1B,HP,L2245wg,FLA72A,C,22,,HP-L2245WG-MON-C,70
Sage - CMH,Monitors,1176779,CNK8461F0Z,HP,L2245wg,FL472A,C,22,,HP-L2245WG-MON-C,70
Sage - CMH,Monitors,1176795,CNK8441LN5,HP,L2245wg,FL472A,C,22,,HP-L2245WG-MON-C,70
Sage - CMH,Monitors,1176802,CNK8470WJ4,HP,L2245wg,FLA72A,C,22,,HP-L2245WG-MON-C,70
Sage - CMH,Monitors,1176810,CNK8470XGB,HP,L2245wg,FLA72A,C,22,,HP-L2245WG-MON-C,70
Sage - CMH,Monitors,1176819,CNK8470MRC,HP,L2245wg,FLA72A,C,22,,HP-L2245WG-MON-C,70
Sage - CMH,Monitors,1176881,CNK8441LLP,HP,L2245wg,FL472A,C,22,,HP-L2245WG-MON-C,70
Sage - CMH,Monitors,1176886,CNK8470XBX,HP,L2245wg,FL472A,C,22,,HP-L2245WG-MON-C,70
Sage - CMH,Monitors,1176936,CNK8470M8Q,HP,L2245wg,FLA72A,C,22,,HP-L2245WG-MON-C,70
Sage - CMH,Monitors,1176951,CNK8441LMZ,HP,L2245wg,FLA72A,C,22,,HP-L2245WG-MON-C,70
Sage - CMH,Monitors,1176982,CNK8470WTZ,HP,L2245wg,FLA72A,C,22,,HP-L2245WG-MON-C,70
Sage - CMH,Monitors,1176988,CNK8470WBD,HP,L2245wg,FLA72A,C,22,,HP-L2245WG-MON-C,70
Sage - CMH,Monitors,1177011,CNK8470VQG,HP,L2245wg,FL472A,C,22,,HP-L2245WG-MON-C,70
Sage - CMH,Monitors,1177028,CNK8470M8F,HP,L2245wg,FL472A,C,22,,HP-L2245WG-MON-C,70
Sage - CMH,Monitors,1177031,CNK8461D97,HP,L2245wg,FL472A,C,22,,HP-L2245WG-MON-C,70
Sage - CMH,Monitors,1177034,CNK8470Y2W,HP,L2245wg,FL472A,C,22,,HP-L2245WG-MON-C,70
Sage - CMH,Monitors,1177037,CNK8461F83,HP,L2245wg,FL472A,C,22,,HP-L2245WG-MON-C,70
Sage - CMH,Monitors,1177039,CNK8470X95,HP,L2245wg,FL472A,C,22,,HP-L2245WG-MON-C,70
Sage - CMH,Monitors,1177041,CNK8470X94,HP,L2245wg,FL472A,C,22,,HP-L2245WG-MON-C,70
Sage - CMH,Monitors,1177071,CNK8470MBJ,HP,L2245wg,FL472A,C,22,,HP-L2245WG-MON-C,70
Sage - CMH,Monitors,1177075,CNK8470W8G,HP,L2245wg,FL472A,C,22,,HP-L2245WG-MON-C,70
Sage - CMH,Monitors,1177076,CNK8470V8R,HP,L2245wg,FL472A,C,22,,HP-L2245WG-MON-C,70
Sage - CMH,Monitors,1177078,CNK8470V8H,HP,L2245wg,FL472A,C,22,,HP-L2245WG-MON-C,70
Sage - CMH,Monitors,1177079,CNK8470WKX,HP,L2245wg,FL472A,C,22,,HP-L2245WG-MON-C,70
Sage - CMH,Monitors,1177080,CNK8470MDZ,HP,L2245wg,FL472A,C,22,,HP-L2245WG-MON-C,70
Sage - CMH,Monitors,1177081,CNK8470X60,HP,L2245wg,FL472A,C,22,,HP-L2245WG-MON-C,70
Sage - CMH,Monitors,1177083,CNK8470Y25,HP,L2245wg,FL472A,C,22,,HP-L2245WG-MON-C,70
Sage - CMH,Monitors,1177085,CNK8470WJP,HP,L2245wg,FL472A,C,22,,HP-L2245WG-MON-C,70
Sage - CMH,Monitors,1177086,CNK8470M9B,HP,L2245wg,FL472A,C,22,,HP-L2245WG-MON-C,70
Sage - CMH,Monitors,1177087,CNK8470VN2,HP,L2245wg,FL472A,C,22,,HP-L2245WG-MON-C,70
Sage - CMH,Monitors,1177089,CNK8470Y53,HP,L2245wg,FL472A,C,22,,HP-L2245WG-MON-C,70
Sage - CMH,Monitors,1177091,CNK8470X20,HP,L2245wg,FL472A,C,22,,HP-L2245WG-MON-C,70
Sage - CMH,Monitors,1177093,CNK8470MNY,HP,L2245wg,FL472A,C,22,,HP-L2245WG-MON-C,70
Sage - CMH,Monitors,1177094,CNK90108L2,HP,L2245wg,FLA72A,C,22,,HP-L2245WG-MON-C,70
Sage - CMH,Monitors,1177096,CNK8470WR7,HP,L2245wg,FL472A,C,22,,HP-L2245WG-MON-C,70
Sage - CMH,Monitors,1177097,CNK8470XW6,HP,L2245wg,FL472A,C,22,,HP-L2245WG-MON-C,70
Sage - CMH,Monitors,1177098,CNK8470M4Z,HP,L2245wg,FLA72A,C,22,,HP-L2245WG-MON-C,70
Sage - CMH,Monitors,1177100,CNK8470XZX,HP,L2245wg,FL472A,C,22,,HP-L2245WG-MON-C,70
Sage - CMH,Monitors,1177101,CNK8470MKK,HP,L2245wg,FLA72A,C,22,,HP-L2245WG-MON-C,70
Sage - CMH,Monitors,1177102,CNK8470W9S,HP,L2245wg,FL472A,C,22,,HP-L2245WG-MON-C,70
Sage - CMH,Monitors,1177103,CNK8470W0X,HP,L2245wg,L2245wg,C,22,,HP-L2245WG-MON-C,70
Sage - CMH,Monitors,1177104,CNK8461F25,HP,L2245wg,FL472A,C,22,,HP-L2245WG-MON-C,70
Sage - CMH,Monitors,1180064,CNK8470MCX,HP,L2245wg,HSTND-2371-B,C,22,,HP-L2245WG-MON-C,70
Sage - CMH,Monitors,1180066,CNK8470MB5,HP,L2245wg,HSTND-2371-B,C,22,,HP-L2245WG-MON-C,70
Sage - CMH,Monitors,1180068,CNK8470XBJ,HP,L2245wg,HSTND-2371-B,C,22,,HP-L2245WG-MON-C,70
Sage - CMH,Monitors,1180070,CNK8470WPJ,HP,L2245wg,HSTND-2371-B,C,22,,HP-L2245WG-MON-C,70
Sage - CMH,Monitors,1180077,CNK8461BXV,HP,L2245wg,HSTND-2371-B,C,22,,HP-L2245WG-MON-C,70
Sage - CMH,Monitors,1180081,CNK8470MQN,HP,L2245wg,HSTND-2371-B,C,22,,HP-L2245WG-MON-C,70
Sage - CMH,Monitors,1180083,CNK8470M5C,HP,L2245wg,HSTND-2371-B,C,22,,HP-L2245WG-MON-C,70
Sage - CMH,Monitors,1180087,CNK8470X7J,HP,L2245wg,HSTND-2371-B,C,22,,HP-L2245WG-MON-C,70
Sage - CMH,Monitors,1180114,CNK8461DST,HP,L2245wg,FL472A,C,22,,HP-L2245WG-MON-C,70
Sage - CMH,Monitors,1180115,CNK92203H6,HP,L2245wg,FL472A,C,22,,HP-L2245WG-MON-C,70
Sage - CMH,Monitors,1180123,CNK8470WV4,HP,L2245wg,FL472A,C,22,,HP-L2245WG-MON-C,70
Sage - CMH,Monitors,1180128,CNK9290L9Y,HP,L2245wg,FL472A,C,22,,HP-L2245WG-MON-C,70
Sage - CMH,Monitors,1180132,CNK8470WX0,HP,L2245wg,FL472A,C,22,,HP-L2245WG-MON-C,70
Sage - CMH,Monitors,1180139,CNK8470MR6,HP,L2245wg,FL472A,C,22,,HP-L2245WG-MON-C,70
Sage - CMH,Monitors,1180149,CNK8470WTW,HP,L2245wg,L2245wg,C,22,,HP-L2245WG-MON-C,70
Sage - CMH,Monitors,1180151,CNK8461F7T,HP,L2245wg,L2245wg,C,22,,HP-L2245WG-MON-C,70
Sage - CMH,Monitors,1180154,CNK8461DSX,HP,L2245wg,L2245wg,C,22,,HP-L2245WG-MON-C,70
Sage - CMH,Monitors,1180166,CNK8470VH5,HP,L2245wg,HSTND-2371-B,C,22,,HP-L2245WG-MON-C,70
Sage - CMH,Monitors,1180170,CNK8470MZV,HP,L2245wg,HSTND-2371-B,C,22,,HP-L2245WG-MON-C,70
Sage - CMH,Monitors,1180188,CNK8470XXL,HP,L2245wg,HSTND-2371-B,C,22,,HP-L2245WG-MON-C,70
Sage - CMH,Monitors,1180193,CNK8470WG5,HP,L2245wg,L2245wg,C,22,,HP-L2245WG-MON-C,70
Sage - CMH,Monitors,1180196,CNK8470WNL,HP,L2245wg,L2245wg,C,22,,HP-L2245WG-MON-C,70
Sage - CMH,Monitors,1180200,CNK8470XQM,HP,L2245wg,L2245wg,C,22,,HP-L2245WG-MON-C,70
Sage - CMH,Monitors,1180246,CNK8470WLH,HP,L2245wg,HSTND-2371-B,C,22,,HP-L2245WG-MON-C,70
Sage - CMH,Monitors,1180249,CNK8470X1Q,HP,L2245wg,HSTND-2371-B,C,22,,HP-L2245WG-MON-C,70
Sage - CMH,Monitors,1180252,CNK8470WJ1,HP,L2245wg,HSTND-2371-B,C,22,,HP-L2245WG-MON-C,70
Sage - CMH,Monitors,1180256,CNK8470XZB,HP,L2245wg,HSTND-2371-B,C,22,,HP-L2245WG-MON-C,70
Sage - CMH,Monitors,1180257,CNK8470WJB,HP,L2245wg,HSTND-2371-B,C,22,,HP-L2245WG-MON-C,70
Sage - CMH,Monitors,1186476,CNK8210CYZ,HP,L2245wg,L2245wg,C,22,,HP-L2245WG-MON-C,70
Sage - CMH,Monitors,1186479,CNK8450GD2,HP,L2245wg,L2245wg,C,22,,HP-L2245WG-MON-C,70
Sage - CMH,Monitors,1186480,CNK8470XR1,HP,L2245wg,L2245wg,C,22,,HP-L2245WG-MON-C,70
Sage - CMH,Monitors,1186492,CNK8461DM1,HP,L2245wg,L2245wg,C,22,,HP-L2245WG-MON-C,70
Sage - CMH,Monitors,1186495,CNK8470Y1C,HP,L2245wg,L2245wg,C,22,,HP-L2245WG-MON-C,70
Sage - CMH,Monitors,1186497,CNK8470XX6,HP,L2245wg,L2245wg,C,22,,HP-L2245WG-MON-C,70
Sage - CMH,Monitors,1186537,CNK8470WNM,HP,L2245wg,L2245wg,C,22,,HP-L2245WG-MON-C,70
Sage - CMH,Monitors,1188154,CNK8470WS2,HP,L2245wg,FLA472A,C,22,,HP-L2245WG-MON-C,70
Sage - CMH,Monitors,1188158,CNK8461BYF,HP,L2245wg,FLA472A,C,22,,HP-L2245WG-MON-C,70
Sage - CMH,Monitors,1188161,CNK8461DXG,HP,L2245wg,FLA472A,C,22,,HP-L2245WG-MON-C,70
Sage - CMH,Monitors,1188236,CNK8470M49,HP,L2245wg,FLA472A,C,22,,HP-L2245WG-MON-C,70
Sage - CMH,Monitors,1188252,CNK8470XWB,HP,L2245wg,FLA472A,C,22,,HP-L2245WG-MON-C,70
Sage - CMH,Monitors,1188255,CNK8470X21,HP,L2245wg,FLA472A,C,22,,HP-L2245WG-MON-C,70
Sage - CMH,Monitors,1188760,CNK8470M7C,HP,L2245wg,L2245wg,C,22,,HP-L2245WG-MON-C,70
Sage - CMH,Monitors,1188761,CNK8470WMG,HP,L2245wg,L2245wg,C,22,,HP-L2245WG-MON-C,70
Sage - CMH,Monitors,1188763,CNK8470WJV,HP,L2245wg,L2245wg,C,22,,HP-L2245WG-MON-C,70
Sage - CMH,Monitors,1188767,CNK8461DKF,HP,L2245wg,L2245wg,C,22,,HP-L2245WG-MON-C,70
Sage - CMH,Monitors,1188770,CNK8470WT3,HP,L2245wg,L2245wg,C,22,,HP-L2245WG-MON-C,70
Sage - CMH,Monitors,1188775,CNK8470WCC,HP,L2245wg,L2245wg,C,22,,HP-L2245WG-MON-C,70
Sage - CMH,Monitors,1075498,CNK8470XW8,HP,L2245wg,FL472A,C,22,,HP-L2245WG-MON-C,70
Sage - CMH,Monitors,1176272,CNK9290NCM,HP,L2245wg,FL472A,C,22,,HP-L2245WG-MON-C,70
Sage - CMH,Monitors,1176279,CNK8470WT7,HP,L2245wg,FL472A,C,22,,HP-L2245WG-MON-C,70
Sage - CMH,Monitors,1176284,CNK8461BXZ,HP,L2245wg,FL472A,C,22,,HP-L2245WG-MON-C,70
Sage - CMH,Monitors,1176958,CNK8470W0J,HP,L2245wg,FL472A,C,22,,HP-L2245WG-MON-C,70
Sage - CMH,Monitors,1176981,CNK8470WCJ,HP,L2245wg,FL472A,C,22,,HP-L2245WG-MON-C,70
Sage - CMH,Monitors,1177009,CNK8470Y19,HP,L2245wg,FL472A,C,22,,HP-L2245WG-MON-C,70
Sage - CMH,Monitors,1177014,CNK8470VHB,HP,L2245wg,FL472A,C,22,,HP-L2245WG-MON-C,70
Sage - CMH,Monitors,1179900,CNK8440K99,HP,L2245wg,HSTND-2371-B,C,22,,HP-L2245WG-MON-C,70
Sage - CMH,Monitors,1179903,CNK8470V8G,HP,L2245wg,HSTND-2371-B,C,22,,HP-L2245WG-MON-C,70
Sage - CMH,Monitors,1179905,CNK8470M9R,HP,L2245wg,HSTND-2371-B,C,22,,HP-L2245WG-MON-C,70
Sage - CMH,Monitors,1179907,CNK8450FQ8,HP,L2245wg,HSTND-2371-B,C,22,,HP-L2245WG-MON-C,70
Sage - CMH,Monitors,1179914,CNK8470M9T,HP,L2245wg,HSTND-2371-B,C,22,,HP-L2245WG-MON-C,70
Sage - CMH,Monitors,1179939,CNK8470V86,HP,L2245wg,HSTND-2371-B,C,22,,HP-L2245WG-MON-C,70
Sage - CMH,Monitors,1179944,CNK8470WW6,HP,L2245wg,HSTND-2371-B,C,22,,HP-L2245WG-MON-C,70
Sage - CMH,Monitors,1179945,CNK8470M4X,HP,L2245wg,HSTND-2371-B,C,22,,HP-L2245WG-MON-C,70
Sage - CMH,Monitors,1179947,CNK8470X0Y,HP,L2245wg,HSTND-2371-B,C,22,,HP-L2245WG-MON-C,70
Sage - CMH,Monitors,1180052,CNK8470Y02,HP,L2245wg,HSTND-2371-B,C,22,,HP-L2245WG-MON-C,70
Sage - CMH,Monitors,1180056,CNK8440L2G,HP,L2245wg,HSTND-2371-B,C,22,,HP-L2245WG-MON-C,70
Sage - CMH,Monitors,1180060,CNK8470MKH,HP,L2245wg,HSTND-2371-B,C,22,,HP-L2245WG-MON-C,70
Sage - CMH,Monitors,1180062,CNK8470M6B,HP,L2245wg,HSTND-2371-B,C,22,,HP-L2245WG-MON-C,70
Sage - CMH,Monitors,1180094,CNK8470MF3,HP,L2245wg,HSTND-2371-B,C,22,,HP-L2245WG-MON-C,70
Sage - CMH,Monitors,1180096,CNK8470W8H,HP,L2245wg,HSTND-2371-B,C,22,,HP-L2245WG-MON-C,70
Sage - CMH,Monitors,1180099,CNK8470WF5,HP,L2245wg,HSTND-2371-B,C,22,,HP-L2245WG-MON-C,70
Sage - CMH,Monitors,1180162,CNK8470WT1,HP,L2245wg,HSTND-2371-B,C,22,,HP-L2245WG-MON-C,70
Sage - CMH,Monitors,1180191,CNK8461DLL,HP,L2245wg,L2245wg,C,22,,HP-L2245WG-MON-C,70
Sage - CMH,Monitors,1180253,CNK8461CV8,HP,L2245wg,HSTND-2371-B,C,22,,HP-L2245WG-MON-C,70
Sage - CMH,Monitors,1180255,CNK8470MD0,HP,L2245wg,HSTND-2371-B,C,22,,HP-L2245WG-MON-C,70
Sage - CMH,Monitors,1188219,CNK8461DDL,HP,L2245wg,FLA472A,C,22,,HP-L2245WG-MON-C,70
Sage - CMH,Monitors,1188223,CNK8470X0G,HP,L2245wg,FLA472A,C,22,,HP-L2245WG-MON-C,70
Sage - CMH,Monitors,1188226,CNK8441LLQ,HP,L2245wg,FLA472A,C,22,,HP-L2245WG-MON-C,70
Sage - CMH,Monitors,1188231,CNK8470MZD,HP,L2245wg,FLA472A,C,22,,HP-L2245WG-MON-C,70
Sage - CMH,Monitors,1188242,CNK8470WNP,HP,L2245wg,FLA472A,C,22,,HP-L2245WG-MON-C,70
Sage - CMH,Monitors,1188246,CNK8470XBZ,HP,L2245wg,FLA472A,C,22,,HP-L2245WG-MON-C,70
Sage - CMH,Monitors,1111612,3CQ9453VQQ,HP,LA2205wg,LA2205wg,C,22,,HP-LA2205WG-MON-C,70
Sage - CMH,Monitors,1111613,3CQ03303S6,HP,LA2205wg,LA2205wg,C,22,,HP-LA2205WG-MON-C,70
Sage - CMH,Monitors,1111614,3CQ0411B77,HP,LA2205wg,LA2205wg,C,22,,HP-LA2205WG-MON-C,70
Sage - CMH,Monitors,1111616,2ME0390178,HP,LA2205wg,LA2205wg,C,22,,HP-LA2205WG-MON-C,70
Sage - CMH,Monitors,1111680,3CQ0410L8J,HP,LA2205wg,LA2205wg,C,22,Light scratch in the top left hand side of the screen,HP-LA2205WG-MON-C,70
Sage - CMH,Monitors,1111681,3CQ9443MK5,HP,LA2205wg,LA2205wg,C,22,,HP-LA2205WG-MON-C,70
Sage - CMH,Monitors,1111682,3CQ0410L95,HP,LA2205wg,LA2205wg,C,22,Kinda deep quarter inch scratch on the top left hand side of the screen,HP-LA2205WG-MON-C,70
Sage - CMH,Monitors,1112741,3CQ0360NVJ,HP,LA2205wg,NM274A,C,22,,HP-LA2205WG-MON-C,70
Sage - CMH,Monitors,1112743,3cq2210nkb,HP,LA2205wg,NM274A,C,22,,HP-LA2205WG-MON-C,70
Sage - CMH,Monitors,1159754,3CQ119PBCZ,HP,LA2205wg,NM274A,C,22,,HP-LA2205WG-MON-C,70
Sage - CMH,Monitors,1159757,3CQ0294CDW,HP,LA2205wg,NM274A,C,22,,HP-LA2205WG-MON-C,70
Sage - CMH,Monitors,1159759,3CQ9396DY8,HP,LA2205wg,NM274A,C,22,,HP-LA2205WG-MON-C,70
Sage - CMH,Monitors,1159760,3CQ1340BXW,HP,LA2205wg,NM274A,C,22,,HP-LA2205WG-MON-C,70
Sage - CMH,Monitors,1159762,3CQ02140HM,HP,LA2205wg,NM274A,C,22,,HP-LA2205WG-MON-C,70
Sage - CMH,Monitors,1159763,3CQ01431V0,HP,LA2205wg,NM274A,C,22,,HP-LA2205WG-MON-C,70
Sage - CMH,Monitors,1159764,3CQ046BNT7,HP,LA2205wg,NM274A,C,22,,HP-LA2205WG-MON-C,70
Sage - CMH,Monitors,1159767,3CQ119PBFY,HP,LA2205wg,NM274A,C,22,,HP-LA2205WG-MON-C,70
Sage - CMH,Monitors,1159768,3CQ124P6RS,HP,LA2205wg,NM274A,C,22,,HP-LA2205WG-MON-C,70
Sage - CMH,Monitors,1159771,3CQ149BC66,HP,LA2205wg,NM274A,C,22,,HP-LA2205WG-MON-C,70
Sage - CMH,Monitors,1159772,3CQ129039X,HP,LA2205wg,NM274A,C,22,,HP-LA2205WG-MON-C,70
Sage - CMH,Monitors,1159773,3CQ0044N67,HP,LA2205wg,NM274A,C,22,,HP-LA2205WG-MON-C,70
Sage - CMH,Monitors,1159776,3CQ0093ZDF,HP,LA2205wg,NM274A,C,22,,HP-LA2205WG-MON-C,70
Sage - CMH,Monitors,1159777,3CQ138BD9P,HP,LA2205wg,NM274A,C,22,,HP-LA2205WG-MON-C,70
Sage - CMH,Monitors,1159783,3CQ0170BFN,HP,LA2205wg,NM274A,C,22,,HP-LA2205WG-MON-C,70
Sage - CMH,Monitors,1159786,3CQ129025D,HP,LA2205wg,NM274A,C,22,,HP-LA2205WG-MON-C,70
Sage - CMH,Monitors,1159967,3CQ138BDQD,HP,LA2205wg,NM274A,C,22,,HP-LA2205WG-MON-C,70
Sage - CMH,Monitors,1159969,3CQ120N8R9,HP,LA2205wg,NM274A,C,22,,HP-LA2205WG-MON-C,70
Sage - CMH,Monitors,1160030,3CQ120N8RY,HP,LA2205wg,NM274A,C,22,,HP-LA2205WG-MON-C,70
Sage - CMH,Monitors,1160040,3CQ044BYD8,HP,LA2205wg,NM274A,C,22,,HP-LA2205WG-MON-C,70
Sage - CMH,Monitors,1160051,3CQ0170C2W,HP,LA2205wg,NM274A,C,22,,HP-LA2205WG-MON-C,70
Sage - CMH,Monitors,1160054,3CQ1340BYC,HP,LA2205wg,NM274A,C,22,,HP-LA2205WG-MON-C,70
Sage - CMH,Monitors,1160058,3CQ148CWC4,HP,LA2205wg,NM274A,C,22,,HP-LA2205WG-MON-C,70
Sage - CMH,Monitors,1160095,3CQ046BNP3,HP,LA2205wg,NM274A,C,22,,HP-LA2205WG-MON-C,70
Sage - CMH,Monitors,1160096,3CQ0281TX2,HP,LA2205wg,NM274A,C,22,,HP-LA2205WG-MON-C,70
Sage - CMH,Monitors,1160104,3CQ0152QBS,HP,LA2205wg,NM274A,C,22,,HP-LA2205WG-MON-C,70
Sage - CMH,Monitors,1160107,3CQ01151JQ,HP,LA2205wg,NM274A,C,22,,HP-LA2205WG-MON-C,70
Sage - CMH,Monitors,1160108,3CQ9396C94,HP,LA2205wg,NM274A,C,22,,HP-LA2205WG-MON-C,70
Sage - CMH,Monitors,1160123,3CQ2180S5K,HP,LA2205wg,NM274A,C,22,,HP-LA2205WG-MON-C,70
Sage - CMH,Monitors,1160128,3CQ05004ZY,HP,LA2205wg,NM274A,C,22,,HP-LA2205WG-MON-C,70
Sage - CMH,Monitors,1160130,3CQ044BX83,HP,LA2205wg,NM274A,C,22,,HP-LA2205WG-MON-C,70
Sage - CMH,Monitors,1160132,3CQ025CC29,HP,LA2205wg,NM274A,C,22,,HP-LA2205WG-MON-C,70
Sage - CMH,Monitors,1160134,3CQ0082WJ3,HP,LA2205wg,NM274A,C,22,,HP-LA2205WG-MON-C,70
Sage - CMH,Monitors,1160150,3CQ0312RSJ,HP,LA2205wg,NM274A,C,22,,HP-LA2205WG-MON-C,70
Sage - CMH,Monitors,1160151,3CQ2180S4T,HP,LA2205wg,NM274A,C,22,,HP-LA2205WG-MON-C,70
Sage - CMH,Monitors,1160216,3CQ1290249,HP,LA2205wg,LA2205wg,C,22,,HP-LA2205WG-MON-C,70
Sage - CMH,Monitors,1160279,3CQ0170CZ2,HP,LA2205wg,NM274A,C,22,,HP-LA2205WG-MON-C,70
Sage - CMH,Monitors,1160338,3CQ044BX86,HP,LA2205wg,NM274A,C,22,,HP-LA2205WG-MON-C,70
Sage - CMH,Monitors,1160339,3CQ044BX82,HP,LA2205wg,NM274A,C,22,,HP-LA2205WG-MON-C,70
Sage - CMH,Monitors,1176235,3CQ9384G86,HP,LA2205wg,NM274A,C,22,,HP-LA2205WG-MON-C,70
Sage - CMH,Monitors,1176591,3CQ9401M3V,HP,LA2205wg,FL472A,C,22,,HP-LA2205WG-MON-C,70
Sage - CMH,Monitors,1176605,3CQ9425HVP,HP,LA2205wg,FL472A,C,22,,HP-LA2205WG-MON-C,70
Sage - CMH,Monitors,1176685,3CQ9401DNN,HP,LA2205wg,NM274A,C,22,,HP-LA2205WG-MON-C,70
Sage - CMH,Monitors,1176716,3CQ9425G99,HP,LA2205wg,NM274A,C,22,,HP-LA2205WG-MON-C,70
Sage - CMH,Monitors,1176770,3CQ9401DDW,HP,LA2205wg,NM274A,C,22,,HP-LA2205WG-MON-C,70
Sage - CMH,Monitors,1176786,3CQ0360MR0,HP,LA2205wg,NM274A,C,22,,HP-LA2205WG-MON-C,70
Sage - CMH,Monitors,1176827,3CQ9401DMP,HP,LA2205wg,NM274A,C,22,,HP-LA2205WG-MON-C,70
Sage - CMH,Monitors,1176834,3CQ9425J75,HP,LA2205wg,NM274A,C,22,,HP-LA2205WG-MON-C,70
Sage - CMH,Monitors,1176922,3CQ9443MJ5,HP,LA2205wg,NM274A,C,22,,HP-LA2205WG-MON-C,70
Sage - CMH,Monitors,1177000,3CQ0410Z3G,HP,LA2205wg,NM274A,C,22,,HP-LA2205WG-MON-C,70
Sage - CMH,Monitors,1177003,3CQ0321NC2,HP,LA2205wg,NM274A,C,22,,HP-LA2205WG-MON-C,70
Sage - CMH,Monitors,1177016,3CQ9384G8Q,HP,LA2205wg,NM274A,C,22,,HP-LA2205WG-MON-C,70
Sage - CMH,Monitors,1177105,N/A3CQ9425KQB,HP,LA2205wg,NM274A,C,22,,HP-LA2205WG-MON-C,70
Sage - CMH,Monitors,1177107,3CQ221124Z,HP,LA2205wg,NM274A,C,22,,HP-LA2205WG-MON-C,70
Sage - CMH,Monitors,1177108,3CQ9425KQQ,HP,LA2205wg,NM274A,C,22,,HP-LA2205WG-MON-C,70
Sage - CMH,Monitors,1177109,3CQ221129X,HP,LA2205wg,NM274A,C,22,,HP-LA2205WG-MON-C,70
Sage - CMH,Monitors,1177110,3CQ048N0L9,HP,LA2205wg,NM274A,C,22,,HP-LA2205WG-MON-C,70
Sage - CMH,Monitors,1177111,3CQ9401M3Z,HP,LA2205wg,NM274A,C,22,,HP-LA2205WG-MON-C,70
Sage - CMH,Monitors,1177112,3CQ9444C4K,HP,LA2205wg,LA2205wg,C,22,,HP-LA2205WG-MON-C,70
Sage - CMH,Monitors,1177113,3CQ0411BJX,HP,LA2205wg,NM274A,C,22,,HP-LA2205WG-MON-C,70
Sage - CMH,Monitors,1177114,3CQ03228Y5,HP,LA2205wg,NM274A,C,22,,HP-LA2205WG-MON-C,70
Sage - CMH,Monitors,1177115,3CQ9425G95,HP,LA2205wg,LA2205wg,C,22,,HP-LA2205WG-MON-C,70
Sage - CMH,Monitors,1177116,3CQ221124W,HP,LA2205wg,NM274A,C,22,,HP-LA2205WG-MON-C,70
Sage - CMH,Monitors,1177118,3CQ2180CLZ,HP,LA2205wg,NM274A,C,22,,HP-LA2205WG-MON-C,70
Sage - CMH,Monitors,1177119,3CQ0360NVK,HP,LA2205wg,NM274A,C,22,,HP-LA2205WG-MON-C,70
Sage - CMH,Monitors,1177124,3CQ9384G8P,HP,LA2205wg,NM274A,C,22,,HP-LA2205WG-MON-C,70
Sage - CMH,Monitors,1177125,3CQ2211258,HP,LA2205wg,NM274A,C,22,,HP-LA2205WG-MON-C,70
Sage - CMH,Monitors,1180158,3CQ114N0VZ,HP,LA2205wg,LA2205wg,C,22,,HP-LA2205WG-MON-C,70
Sage - CMH,Monitors,1180160,3CQ9401DS4,HP,LA2205wg,NM274A,C,22,,HP-LA2205WG-MON-C,70
Sage - CMH,Monitors,1180163,3CQ03516X0,HP,LA2205wg,NM274A,C,22,,HP-LA2205WG-MON-C,70
Sage - CMH,Monitors,1180165,3CQ9444C4H,HP,LA2205wg,NM274A,C,22,,HP-LA2205WG-MON-C,70
Sage - CMH,Monitors,1180168,3CQ0322879,HP,LA2205wg,NM274A,C,22,,HP-LA2205WG-MON-C,70
Sage - CMH,Monitors,1180172,3CQ0321NB1,HP,LA2205wg,NM274A,C,22,,HP-LA2205WG-MON-C,70
Sage - CMH,Monitors,1180174,3CQ9443MHR,HP,LA2205wg,NM274A,C,22,,HP-LA2205WG-MON-C,70
Sage - CMH,Monitors,1180175,3CQ9453SBL,HP,LA2205wg,HSTND-2371-B,C,22,,HP-LA2205WG-MON-C,70
Sage - CMH,Monitors,1180177,3CQ9425KQ1,HP,LA2205wg,NM274A,C,22,,HP-LA2205WG-MON-C,70
Sage - CMH,Monitors,1180179,3CQ032287L,HP,LA2205wg,NM274A,C,22,,HP-LA2205WG-MON-C,70
Sage - CMH,Monitors,1180182,3CQ9401DSH,HP,LA2205wg,NM274A,C,22,,HP-LA2205WG-MON-C,70
Sage - CMH,Monitors,1180195,3CQ03303Z0,HP,LA2205wg,HSTND-2691-F,C,22,,HP-LA2205WG-MON-C,70
Sage - CMH,Monitors,1180197,3CQ0360MQH,HP,LA2205wg,HSTND-2691-F,C,22,,HP-LA2205WG-MON-C,70
Sage - CMH,Monitors,1180199,3CQ209BF8T,HP,LA2205wg,HSTND-2691-F,C,22,,HP-LA2205WG-MON-C,70
Sage - CMH,Monitors,1186503,3CQ0371690,HP,LA2205wg,LA2205wg,C,22,,HP-LA2205WG-MON-C,70
Sage - CMH,Monitors,1186504,3CQ9425GG9,HP,LA2205wg,LA2205wg,C,22,Missing Base,HP-LA2205WG-MON-C,70
Sage - CMH,Monitors,1186541,3CQ03228Y1,HP,LA2205wg,LA2205wg,C,22,,HP-LA2205WG-MON-C,70
Sage - CMH,Monitors,1188159,3CQ9425KSQ,HP,LA2205wg,NM274A,C,22,,HP-LA2205WG-MON-C,70
Sage - CMH,Monitors,1188160,3CQ9425HV9,HP,LA2205wg,NM274A,C,22,,HP-LA2205WG-MON-C,70
Sage - CMH,Monitors,1176291,3CQ0321NB4,HP,LA2205wg,NM274A,C,22,,HP-LA2205WG-MON-C,70
Sage - CMH,Monitors,1176340,3CQ048N0LJ,HP,LA2205wg,NM274A,C,22,,HP-LA2205WG-MON-C,70
Sage - CMH,Monitors,1176344,3CQ9401DFP,HP,LA2205wg,NM274A,C,22,,HP-LA2205WG-MON-C,70
Sage - CMH,Monitors,1176681,3CQ9401DSM,HP,LA2205wg,NM274A,C,22,,HP-LA2205WG-MON-C,70
Sage - CMH,Monitors,1176961,3CQ9444C56,HP,LA2205wg,NM274A,C,22,,HP-LA2205WG-MON-C,70
Sage - CMH,Monitors,1177015,3CQ9401M3T,HP,LA2205wg,NM274A,C,22,,HP-LA2205WG-MON-C,70
Sage - CMH,Monitors,1180142,3CQ9401DG1,HP,LA2205wg,HSTND-2691-F,C,22,,HP-LA2205WG-MON-C,70
Sage - CMH,Monitors,1180146,3CQ0360MQ0,HP,LA2205wg,HSTND-2691-F,C,22,,HP-LA2205WG-MON-C,70
Sage - CMH,Monitors,1180211,3CQ9425GFN,HP,LA2205wg,LA2205wg,C,22,,HP-LA2205WG-MON-C,70
Sage - CMH,Monitors,1180213,3CQ9401LXR,HP,LA2205wg,LA2205wg,C,22,,HP-LA2205WG-MON-C,70
Sage - CMH,Monitors,1188251,3CQ9401DRZ,HP,LA2205wg,NM274A,C,22,,HP-LA2205WG-MON-C,70
Sage - CMH,Monitors,1188253,3CQ037044T,HP,LA2205wg,NM274A,C,22,,HP-LA2205WG-MON-C,70
Sage - CMH,Monitors,1160343,3CQ2451GVF,HP,LA2206X,XN376A,C,22,,HP-LA2206X-MON-C,70
Sage - CMH,Monitors,1177070,3CQ21901YZ,HP,LA2206X,XN376A,C,22,,HP-LA2206X-MON-C,70
Sage - CMH,Monitors,1176945,3CQ3212H9N,HP,LA2206xc,LW490A,C,22,,HP-LA2206XC-MON-C,70
Sage - CMH,Monitors,1083309,3CQ0283LSN,HP,LA220wg,NM274A,C,22,,HP-LA220WG-MON-C,70
Sage - CMH,Monitors,1083310,3CQ0170CJW,HP,LA220wg,NM274A,C,22,,HP-LA220WG-MON-C,70
Sage - CMH,Monitors,1083584,3CQ044BYFC,HP,LA220wg,NM274A,C,22,,HP-LA220WG-MON-C,70
Sage - CMH,Monitors,1177068,3CQ9531VKQ,HP,LA22f,VU893A,C,22,,HP-LA22F-MON-C,70
Sage - CMH,Monitors,1177065,CNK8470Y4V,HP,LA2445wg,FL472A,C,22,,HP-LA2445WG-MON-C,70
Sage - CMH,Monitors,1177066,CNK8461DXD,HP,LA2445wg,FL472A,C,22,,HP-LA2445WG-MON-C,70
Sage - CMH,Monitors,1180156,CNK1360CFR,HP,LE2201W,NK571A,C,22,,HP-LE2201W-MON-C,70
Sage - CMH,Monitors,1083338,CN40090GC4,HP,ZR22w,VM626A,C,22,,HP-ZR22W-MON-C,70
Sage - CMH,Monitors,1185838,PL647LT500217,Planar,PLL2210W,PLL2210W,C,22,,PLANAR-PLL2210W-MON-C,70
Sage - CMH,Monitors,1185839,PL439LT600121,Planar,PLL2210W,PLL2210W,C,22,,PLANAR-PLL2210W-MON-C,70
Sage - CMH,Monitors,1185841,PL439LT600119,Planar,PLL2210W,PLL2210W,C,22,,PLANAR-PLL2210W-MON-C,70
Sage - CMH,Monitors,1172232,ZTQFHVNBC00775H,Samsung,S22A200B,S22A200B,C,22,,SAMSUNG-S22A200B-MON-C,70
Sage - CMH,Monitors,1052463,04NWHCKH200176W,Samsung,S24E650,S24E650BW,C,22,,SAMSUNG-S24E650-MON-C,70
Sage - CMH,Monitors,1075689,2.18044E+11,Acer,V233H,V233H,C,23,,ACER-V233H-MON-C,80
Sage - CMH,Monitors,1075702,1018027240,Acer,V233H,V233H,C,23,,ACER-V233H-MON-C,80
Sage - CMH,Monitors,1075729,14905659285,Acer,V233H,V233H,C,23,,ACER-V233H-MON-C,80
Sage - CMH,Monitors,1075731,15207015485,Acer,V233H,V233H,C,23,,ACER-V233H-MON-C,80
Sage - CMH,Monitors,1075733,4901714840,Acer,V233H,V233H,C,23,,ACER-V233H-MON-C,80
Sage - CMH,Monitors,1075736,21804099985,Acer,V233H,V233H,C,23,,ACER-V233H-MON-C,80
Sage - CMH,Monitors,1075774,11501450743,Acer,V233H,V233H,C,23,,ACER-V233H-MON-C,80
Sage - CMH,Monitors,1075787,12806455843,Acer,V233H,V233H,C,23,,ACER-V233H-MON-C,80
Sage - CMH,Monitors,1075914,14906413285,Acer,V233H,V233H,C,23,,ACER-V233H-MON-C,80
Sage - CMH,Monitors,1076182,11306967843,Acer,V233H,V233H,C,23,,ACER-V233H-MON-C,80
Sage - CMH,Monitors,1076274,ETLGQ0D0532140D2F18514,Acer,V233H,V233H,C,23,,ACER-V233H-MON-C,80
Sage - CMH,Monitors,1076282,ETLGQ0D053202031F58514,Acer,V233H,,C,23,,ACER-V233H-MON-C,80
Sage - CMH,Monitors,1076578,21804391385,Acer,V233H,V233H,C,23,,ACER-V233H-MON-C,80
Sage - CMH,Monitors,1077137,21405406185,Acer,V233H,V233H,C,23,,ACER-V233H-MON-C,80
Sage - CMH,Monitors,1077294,31703100442,Acer,V233HL,V233HLBJObmd,C,23,,ACER-V233HL-MON-C,80
Sage - CMH,Monitors,1075816,53104720642,Acer,V236HL,V236HL Cbd,C,23,,ACER-V236HL-MON-C,80
Sage - CMH,Monitors,1075856,41804183242,Acer,V236HL,V236HL Cbd,C,23,,ACER-V236HL-MON-C,80
Sage - CMH,Monitors,1075862,44950302042,Acer,V236HL,V236HL Cbd,C,23,,ACER-V236HL-MON-C,80
Sage - CMH,Monitors,1075869,53201502642,Acer,V236HL,V236HL Cbd,C,23,,ACER-V236HL-MON-C,80
Sage - CMH,Monitors,1075882,4325036942,Acer,V236HL,V236HL Cbd,C,23,,ACER-V236HL-MON-C,80
Sage - CMH,Monitors,1075899,43250388542,Acer,V236HL,V236HL Cbd,C,23,,ACER-V236HL-MON-C,80
Sage - CMH,Monitors,1076304,44550927542,Acer,V236HL,V236HL Cbd,C,23,,ACER-V236HL-MON-C,80
Sage - CMH,Monitors,1076546,41802448842,Acer,V236HL,V236HL Cbd,C,23,,ACER-V236HL-MON-C,80
Sage - CMH,Monitors,1077131,41804181542,Acer,V236HL,V236HL Cbd,C,23,,ACER-V236HL-MON-C,80
Sage - CMH,Monitors,1159976,CN0VXV49728722AAC8MS,Dell,E2311Hf,E2311Hf,C,23,,DELL-E2311HF-MON-C,80
Sage - CMH,Monitors,1112738,CN0174R77287228ED3LU,Dell,P2212Hf,P2212HF,C,23,,DELL-P2212HF-MON-C,80
Sage - CMH,Monitors,1159973,CN07R1K37444544FC9QL,Dell,P2314Ht,P2314Ht,C,23,,DELL-P2314HT-MON-C,80
Sage - CMH,Monitors,1160077,CN02GFKN744453B4DQML,Dell,U2312HMt,U2312HMt,C,23,,DELL-U2312HMT-MON-C,80
Sage - CMH,Monitors,1160080,CN02GFKN74445326397L,Dell,U2312HMt,U2312HMt,C,23,,DELL-U2312HMT-MON-C,80
Sage - CMH,Monitors,1160083,CN02GFKN74445355BPYL,Dell,U2312HMt,U2312HMt,C,23,,DELL-U2312HMT-MON-C,80
Sage - CMH,Monitors,1083475,CN0T9MJ37444521KJ06L,Dell,U2312HMt,0T9MJ3,C,23,,DELL-U2312HMT-MON-C,80
Sage - CMH,Monitors,1159247,6CM4430P0B,HP,EliteDisplay E231,E3F38A,C,23,,HP-DISPLAYE231-MON-C,80
Sage - CMH,Monitors,1159288,6CM4430PJB,HP,EliteDisplay E231,E3F38A,C,23,,HP-DISPLAYE231-MON-C,80
Sage - CMH,Monitors,1161334,3CQ5272J0K,HP,EliteDisplay E231i,EliteDisplay E231i,C,23,,HP-DISPLAYE231I-MON-C,80
Sage - CMH,Monitors,1112539,CNK9290L3C,HP,L2245wg,FLA72A,C,23,,HP-L2245WG-MON-C,80
Sage - CMH,Monitors,1112545,CNK8441JCC,HP,L2245wg,FLA72A,C,23,,HP-L2245WG-MON-C,80
Sage - CMH,Monitors,1112548,CNK8470WBB,HP,L2245wg,FLA72A,C,23,,HP-L2245WG-MON-C,80
Sage - CMH,Monitors,1112552,CNK8470M66,HP,L2245wg,FLA72A,C,23,,HP-L2245WG-MON-C,80
Sage - CMH,Monitors,1186481,CNK8470VQL,HP,L2245wg,L2245wg,C,23,,HP-L2245WG-MON-C,80
Sage - CMH,Monitors,1186486,CNK8461C12,HP,L2245wg,L2245wg,C,23,,HP-L2245WG-MON-C,80
Sage - CMH,Monitors,1186487,CNK8470Y2G,HP,L2245wg,L2245wg,C,23,,HP-L2245WG-MON-C,80
Sage - CMH,Monitors,1183373,3CQ2470DB0,HP,LA2306X,XN376A,C,23,,HP-LA2306X-MON-C,80
Sage - CMH,Monitors,1076500,1cr84431ds9,HP,N223,HSD-0004-V,C,23,,HP-N223-MON-C,80
Sage - CMH,Monitors,1077157,vte91269,Lenovo,ThinkVision T24i-10,F16238FT0,C,23,,LEN-THINKVISIONT24I-10-MON-C,80
Sage - CMH,Monitors,1077313,vt446654,Lenovo,ThinkVision T24i-10,F16238FT0,C,23,,LEN-THINKVISIONT24I-10-MON-C,80
Sage - CMH,Monitors,1176950,TEF130400048,Viewsonic,TD2340,VS15032,C,23,,VIEWSONIC-TD2340-MON-C,80
Sage - CMH,Monitors,1075319,MX0C9536466346BL2CLL,Dell,2007FPB,0C9536,C,24,,DELL-2007FPB-MON-C,80
Sage - CMH,Monitors,1160110,MX0GM504742628271YES,Dell,2407WFPb,2407WFPb,C,24,,DELL-2407WFPB-MON-C,80
Sage - CMH,Monitors,1180274,MX0CC302466346BT1U9S,Dell,2407WFPb,2407WFPb,C,24,,DELL-2407WFPB-MON-C,80
Sage - CMH,Monitors,1188879,MX0GM5047426281C15HS,Dell,2407WFPb,2407WFPb,C,24,,DELL-2407WFPB-MON-C,80
Sage - CMH,Monitors,1176702,MX0G283H7426289F3EVS,Dell,2408WFPB,2408WFPB,C,24,multi media speaker,DELL-2408WFPB-MON-C,80
Sage - CMH,Monitors,1177008,MX0G283H7426293Q2D0S,Dell,2408WFPB,2408WFPB,C,24,,DELL-2408WFPB-MON-C,80
Sage - CMH,Monitors,1180266,MX0JU436742628333FVS,Dell,2408WFPB,2408WFPB,C,24,,DELL-2408WFPB-MON-C,80
Sage - CMH,Monitors,1176919,MX0G283H742628AE26HS,Dell,2408WFPB,2408WFPB,C,24,,DELL-2408WFPB-MON-C,80
Sage - CMH,Monitors,1176251,CN0XPG0H744454CDA6TU,Dell,E2414Ht,E2414Ht,C,24,,DELL-E2414HT-MON-C,80
Sage - CMH,Monitors,1075528,MX03X03G744460BQALSL,Dell,P2211Ht,0W4XCG,C,24,,DELL-P2211HT-MON-C,80
Sage - CMH,Monitors,814611,TW027HW37426455D0E6L,Dell,P2414hb,p2414hb,C,24,,DELL-P2414HB-MON-C,80
Sage - CMH,Monitors,814614,TW027HW3742644CF0MCL,Dell,P2414hb,p2414hb,C,24,,DELL-P2414HB-MON-C,80
Sage - CMH,Monitors,814616,TW027HW3742644CI0N4L,Dell,P2414hb,p2414hb,C,24,,DELL-P2414HB-MON-C,80
Sage - CMH,Monitors,814619,TW027HW3742644CF0M4L,Dell,P2414hb,p2414hb,C,24,,DELL-P2414HB-MON-C,80
Sage - CMH,Monitors,814620,TW027HW37426455L1L2L,Dell,P2414hb,p2414hb,C,24,,DELL-P2414HB-MON-C,80
Sage - CMH,Monitors,814673,TW027HW37426455D0MNL,Dell,P2414hb,p2414hb,C,24,,DELL-P2414HB-MON-C,80
Sage - CMH,Monitors,1041866,TW027HW37426452G008L,Dell,P2414hb,027HW3,C,24,,DELL-P2414HB-MON-C,80
Sage - CMH,Monitors,1041871,TW027HW3742644CD0MFL,Dell,P2414hb,027HW3,C,24,,DELL-P2414HB-MON-C,80
Sage - CMH,Monitors,1041882,TW027HW3742645940U5L,Dell,P2414hb,027HW3,C,24,,DELL-P2414HB-MON-C,80
Sage - CMH,Monitors,1042069,TW027HW3742645921DJL,Dell,P2414hb,027HW3,C,24,,DELL-P2414HB-MON-C,80
Sage - CMH,Monitors,1042072,TW027HW37426455D1K1L,Dell,P2414hb,027HW3,C,24,,DELL-P2414HB-MON-C,80
Sage - CMH,Monitors,1042076,TW027HW37426455D1THL,Dell,P2414hb,027HW3,C,24,,DELL-P2414HB-MON-C,80
Sage - CMH,Monitors,1042085,TW027HW37426459216PL,Dell,P2414hb,027HW3,C,24,,DELL-P2414HB-MON-C,80
Sage - CMH,Monitors,1042092,TW027HW37426459217GL,Dell,P2414hb,027HW3,C,24,,DELL-P2414HB-MON-C,80
Sage - CMH,Monitors,1042095,TW027HW37426455J018L,Dell,P2414hb,027HW3,C,24,,DELL-P2414HB-MON-C,80
Sage - CMH,Monitors,1042098,TW027HW37426455D130L,Dell,P2414hb,027HW3,C,24,,DELL-P2414HB-MON-C,80
Sage - CMH,Monitors,1042100,TW027HW3742644CD0PLL,Dell,P2414hb,027HW3,C,24,,DELL-P2414HB-MON-C,80
Sage - CMH,Monitors,1042106,TW027HW37426455J029L,Dell,P2414hb,027HW3,C,24,,DELL-P2414HB-MON-C,80
Sage - CMH,Monitors,1042109,TW027HW37426459E01PL,Dell,P2414hb,027HW3,C,24,,DELL-P2414HB-MON-C,80
Sage - CMH,Monitors,1042115,TW027HW37426455D0A7L,Dell,P2414hb,027HW3,C,24,,DELL-P2414HB-MON-C,80
Sage - CMH,Monitors,1042330,TW027HW37426459P1R2L,Dell,P2414hb,027HW3,C,24,,DELL-P2414HB-MON-C,80
Sage - CMH,Monitors,1042334,TW027HW3742645920GUL,Dell,P2414hb,027HW3,C,24,,DELL-P2414HB-MON-C,80
Sage - CMH,Monitors,1042340,TW027HW37426455D197L,Dell,P2414hb,027HW3,C,24,,DELL-P2414HB-MON-C,80
Sage - CMH,Monitors,1042351,TW027HW374264592138L,Dell,P2414hb,027HW3,C,24,,DELL-P2414HB-MON-C,80
Sage - CMH,Monitors,1042356,TW027HW37426459P1DYL,Dell,P2414hb,027HW3,C,24,,DELL-P2414HB-MON-C,80
Sage - CMH,Monitors,1042359,TW027HW3742644CD01KL,Dell,P2414hb,027HW3,C,24,,DELL-P2414HB-MON-C,80
Sage - CMH,Monitors,1042364,TW027HW3742644CD1PEL,Dell,P2414hb,027HW3,C,24,,DELL-P2414HB-MON-C,80
Sage - CMH,Monitors,1042367,TW027HW37426455D01RL,Dell,P2414hb,027HW3,C,24,,DELL-P2414HB-MON-C,80
Sage - CMH,Monitors,1042369,TW027HW374264592132L,Dell,P2414hb,027HW3,C,24,,DELL-P2414HB-MON-C,80
Sage - CMH,Monitors,1042370,TW027HW3742645C11APL,Dell,P2414hb,027HW3,C,24,,DELL-P2414HB-MON-C,80
Sage - CMH,Monitors,1042372,TW027HW3742645AG0PKL,Dell,P2414hb,027HW3,C,24,,DELL-P2414HB-MON-C,80
Sage - CMH,Monitors,1042374,TW027HW3742645AG0PEL,Dell,P2414hb,027HW3,C,24,,DELL-P2414HB-MON-C,80
Sage - CMH,Monitors,1042376,TW027HW374264592155L,Dell,P2414hb,027HW3,C,24,,DELL-P2414HB-MON-C,80
Sage - CMH,Monitors,1042379,TW027HW3742645550GGL,Dell,P2414hb,027HW3,C,24,,DELL-P2414HB-MON-C,80
Sage - CMH,Monitors,1042463,TW027HW37426455D1N2L,Dell,P2414hb,027HW3,C,24,,DELL-P2414HB-MON-C,80
Sage - CMH,Monitors,1042468,TW027HW37426459P1DHL,Dell,P2414hb,027HW3,C,24,,DELL-P2414HB-MON-C,80
Sage - CMH,Monitors,1042469,TW027HW3742644CF0E1L,Dell,P2414hb,027HW3,C,24,,DELL-P2414HB-MON-C,80
Sage - CMH,Monitors,1042473,TW0XV0YV7426463H076LA06,Dell,P2414hb,027HW3,C,24,,DELL-P2414HB-MON-C,80
Sage - CMH,Monitors,1042474,TW027HW3742645921ALL,Dell,P2414hb,027HW3,C,24,,DELL-P2414HB-MON-C,80
Sage - CMH,Monitors,1042477,TW0XV0YV742646460P8LA06,Dell,P2414hb,027HW3,C,24,,DELL-P2414HB-MON-C,80
Sage - CMH,Monitors,1042483,TW027HW37426455D1DKL,Dell,P2414hb,027HW3,C,24,,DELL-P2414HB-MON-C,80
Sage - CMH,Monitors,1042486,TW027HW3742644CI0HHL,Dell,P2414hb,027HW3,C,24,,DELL-P2414HB-MON-C,80
Sage - CMH,Monitors,1042494,TW027HW37426455J0PKL,Dell,P2414hb,027HW3,C,24,,DELL-P2414HB-MON-C,80
Sage - CMH,Monitors,1042503,TW027HW3742644CI0UTL,Dell,P2414hb,027HW3,C,24,,DELL-P2414HB-MON-C,80
Sage - CMH,Monitors,1042512,TW027HW37426458L1N3L,Dell,P2414hb,027HW3,C,24,,DELL-P2414HB-MON-C,80
Sage - CMH,Monitors,1042514,TW027HW3742644CF0UML,Dell,P2414hb,027HW3,C,24,,DELL-P2414HB-MON-C,80
Sage - CMH,Monitors,1042523,TW027HW37426455J19GL,Dell,P2414hb,027HW3,C,24,,DELL-P2414HB-MON-C,80
Sage - CMH,Monitors,1042526,TW027HW37426459410TL,Dell,P2414hb,027HW3,C,24,,DELL-P2414HB-MON-C,80
Sage - CMH,Monitors,1042533,TW027HW3742644CI0LHL,Dell,P2414hb,027HW3,C,24,,DELL-P2414HB-MON-C,80
Sage - CMH,Monitors,1042534,TW027HW37426455D19EL,Dell,P2414hb,027HW3,C,24,,DELL-P2414HB-MON-C,80
Sage - CMH,Monitors,1042536,TW027HW37426459E02DL,Dell,P2414hb,027HW3,C,24,,DELL-P2414HB-MON-C,80
Sage - CMH,Monitors,1042537,TW027HW3742645AG0K9L,Dell,P2414hb,027HW3,C,24,,DELL-P2414HB-MON-C,80
Sage - CMH,Monitors,1042538,CN0524N37426157O82LB,Dell,P2414hb,027HW3,C,24,,DELL-P2414HB-MON-C,80
Sage - CMH,Monitors,1042541,TW027HW3742644CD0M2L,Dell,P2414hb,027HW3,C,24,,DELL-P2414HB-MON-C,80
Sage - CMH,Monitors,1042583,TW027HW37426455D1ADL,Dell,P2414hb,027HW3,C,24,,DELL-P2414HB-MON-C,80
Sage - CMH,Monitors,1042586,TW027HW37426455D06TL,Dell,P2414hb,027HW3,C,24,,DELL-P2414HB-MON-C,80
Sage - CMH,Monitors,1042599,TW027HW37426459P1LTL,Dell,P2414hb,027HW3,C,24,,DELL-P2414HB-MON-C,80
Sage - CMH,Monitors,1042601,TW027HW3742645AG0T1L,Dell,P2414hb,027HW3,C,24,,DELL-P2414HB-MON-C,80
Sage - CMH,Monitors,1042603,TW027HW37426455J19WL,Dell,P2414hb,027HW3,C,24,,DELL-P2414HB-MON-C,80
Sage - CMH,Monitors,1042605,TW027HW37426459P1PYL,Dell,P2414hb,027HW3,C,24,,DELL-P2414HB-MON-C,80
Sage - CMH,Monitors,1042612,TW027HW37426459P1MGL,Dell,P2414hb,027HW3,C,24,,DELL-P2414HB-MON-C,80
Sage - CMH,Monitors,1042615,TW027HW3742645920GWL,Dell,P2414hb,027HW3,C,24,,DELL-P2414HB-MON-C,80
Sage - CMH,Monitors,1042632,TW027HW37426455D0LWL,Dell,P2414hb,027HW3,C,24,,DELL-P2414HB-MON-C,80
Sage - CMH,Monitors,1042637,TW027HW3742644CD0PWL,Dell,P2414hb,027HW3,C,24,,DELL-P2414HB-MON-C,80
Sage - CMH,Monitors,1042643,TW027HW3742645AL048L,Dell,P2414hb,027HW3,C,24,,DELL-P2414HB-MON-C,80
Sage - CMH,Monitors,1042644,TW027HW37426459E00AL,Dell,P2414hb,027HW3,C,24,,DELL-P2414HB-MON-C,80
Sage - CMH,Monitors,1042649,TW027HW37426459P1E3L,Dell,P2414hb,027HW3,C,24,,DELL-P2414HB-MON-C,80
Sage - CMH,Monitors,1042650,TW027HW37426455D0YEL,Dell,P2414hb,027HW3,C,24,,DELL-P2414HB-MON-C,80
Sage - CMH,Monitors,1042654,TW027HW37426455D1MYL,Dell,P2414hb,027HW3,C,24,,DELL-P2414HB-MON-C,80
Sage - CMH,Monitors,1042666,TW027HW3742645AG09UL,Dell,P2414hb,027HW3,C,24,,DELL-P2414HB-MON-C,80
Sage - CMH,Monitors,1042669,TW027HW37426455D17AL,Dell,P2414hb,027HW3,C,24,,DELL-P2414HB-MON-C,80
Sage - CMH,Monitors,1042672,TW027HW3742645AG0JHL,Dell,P2414hb,027HW3,C,24,,DELL-P2414HB-MON-C,80
Sage - CMH,Monitors,1042675,TW027HW37426455D0LCL,Dell,P2414hb,027HW3,C,24,,DELL-P2414HB-MON-C,80
Sage - CMH,Monitors,1042680,TW027HW3742645940UKL,Dell,P2414hb,027HW3,C,24,,DELL-P2414HB-MON-C,80
Sage - CMH,Monitors,1042682,TW027HW37426459214JL,Dell,P2414hb,027HW3,C,24,,DELL-P2414HB-MON-C,80
Sage - CMH,Monitors,1042684,TW027HW37426458L1LWL,Dell,P2414hb,027HW3,C,24,,DELL-P2414HB-MON-C,80
Sage - CMH,Monitors,1042688,TW027HW3742644CI05TL,Dell,P2414hb,027HW3,C,24,,DELL-P2414HB-MON-C,80
Sage - CMH,Monitors,1108766,tw027hw3742644ci026l,Dell,P2414hb,p2414hb,C,24,,DELL-P2414HB-MON-C,80
Sage - CMH,Monitors,1108777,tw027hw3742644cd1del,Dell,P2414hb,p2414hb,C,24,,DELL-P2414HB-MON-C,80
Sage - CMH,Monitors,1108785,tw027hw37426455j1a6l,Dell,P2414hb,p2414hb,C,24,,DELL-P2414HB-MON-C,80
Sage - CMH,Monitors,1108786,tw027hw3742644ci0t6l,Dell,P2414hb,p2414hb,C,24,,DELL-P2414HB-MON-C,80
Sage - CMH,Monitors,1108790,TW027HW37426455J176L,Dell,P2414hb,p2414hb,C,24,,DELL-P2414HB-MON-C,80
Sage - CMH,Monitors,1108791,tw027hw374264594137l,Dell,P2414hb,p2414hb,C,24,,DELL-P2414HB-MON-C,80
Sage - CMH,Monitors,1108792,tw027hw3742644cf0a6l,Dell,P2414hb,p2414hb,C,24,,DELL-P2414HB-MON-C,80
Sage - CMH,Monitors,1108793,TW027HW37426459411LL,Dell,P2414hb,p2414hb,C,24,,DELL-P2414HB-MON-C,80
Sage - CMH,Monitors,1108794,tw027hw37426455d0a9l,Dell,P2414hb,p2414hb,C,24,,DELL-P2414HB-MON-C,80
Sage - CMH,Monitors,1108798,tw027hw3742645940n0l,Dell,P2414hb,p2414hb,C,24,,DELL-P2414HB-MON-C,80
Sage - CMH,Monitors,1108801,tw027hw3742644ci03ul,Dell,P2414hb,p2414hb,C,24,,DELL-P2414HB-MON-C,80
Sage - CMH,Monitors,1108802,TW027HW37426455D1URL,Dell,P2414hb,p2414hb,C,24,,DELL-P2414HB-MON-C,80
Sage - CMH,Monitors,1108952,TW027HW37426455D1K5L,Dell,P2414hb,p2414hb,C,24,,DELL-P2414HB-MON-C,80
Sage - CMH,Monitors,1108954,TW027HW37426455D15TL,Dell,P2414hb,p2414hb,C,24,,DELL-P2414HB-MON-C,80
Sage - CMH,Monitors,1108956,TW027HW3742645550HKL,Dell,P2414hb,p2414hb,C,24,,DELL-P2414HB-MON-C,80
Sage - CMH,Monitors,1108957,tw027hw3742644ci04tl,Dell,P2414hb,p2414hb,C,24,,DELL-P2414HB-MON-C,80
Sage - CMH,Monitors,1108959,TW027HW37426455J117L,Dell,P2414hb,p2414hb,C,24,,DELL-P2414HB-MON-C,80
Sage - CMH,Monitors,1108960,TW027HW37426455J0G1L,Dell,P2414hb,p2414hb,C,24,,DELL-P2414HB-MON-C,80
Sage - CMH,Monitors,1109002,tw027hw37426455j0p8l,Dell,P2414hb,p2414hb,C,24,,DELL-P2414HB-MON-C,80
Sage - CMH,Monitors,1109044,tw027hw3742644ci0r2l,Dell,P2414hb,p2414hb,C,24,,DELL-P2414HB-MON-C,80
Sage - CMH,Monitors,1109045,tw027hw37426455j19pl,Dell,P2414hb,p2414hb,C,24,,DELL-P2414HB-MON-C,80
Sage - CMH,Monitors,1109050,tw027hw3742645ag0a0l,Dell,P2414hb,p2414hb,C,24,,DELL-P2414HB-MON-C,80
Sage - CMH,Monitors,1109053,tw027hw37426455d13ml,Dell,P2414hb,p2414hb,C,24,,DELL-P2414HB-MON-C,80
Sage - CMH,Monitors,1109410,TW027HW3742644CI0JTL,Dell,P2414hb,p2414hb,C,24,,DELL-P2414HB-MON-C,80
Sage - CMH,Monitors,1109420,TWOXVDYV74264631DWCLA06,Dell,P2414hb,p2414hb,C,24,,DELL-P2414HB-MON-C,80
Sage - CMH,Monitors,1109425,TW027HW3742644CI0T7L,Dell,P2414hb,p2414hb,C,24,,DELL-P2414HB-MON-C,80
Sage - CMH,Monitors,1109432,TW027HW37426455D06FL,Dell,P2414hb,p2414hb,C,24,,DELL-P2414HB-MON-C,80
Sage - CMH,Monitors,1109449,TW027HW37426455D088L,Dell,P2414hb,p2414hb,C,24,,DELL-P2414HB-MON-C,80
Sage - CMH,Monitors,1109452,TW027HW3742644CD088L,Dell,P2414hb,p2414hb,C,24,,DELL-P2414HB-MON-C,80
Sage - CMH,Monitors,1109453,TW027HW37426455505TL,Dell,P2414hb,p2414hb,C,24,,DELL-P2414HB-MON-C,80
Sage - CMH,Monitors,1109456,TW027HW37426455D08LL,Dell,P2414hb,p2414hb,C,24,,DELL-P2414HB-MON-C,80
Sage - CMH,Monitors,1109457,TW027HW3742644CF0KDL,Dell,P2414hb,p2414hb,C,24,,DELL-P2414HB-MON-C,80
Sage - CMH,Monitors,1109497,TW027HW3742644CF0V6L,Dell,P2414hb,p2414hb,C,24,,DELL-P2414HB-MON-C,80
Sage - CMH,Monitors,1109499,TW027HW37426455D133L,Dell,P2414hb,p2414hb,C,24,,DELL-P2414HB-MON-C,80
Sage - CMH,Monitors,1109504,TW027HW3742644CD1FYL,Dell,P2414hb,p2414hb,C,24,,DELL-P2414HB-MON-C,80
Sage - CMH,Monitors,1109509,TW027HW3742644CD0G7L,Dell,P2414hb,p2414hb,C,24,,DELL-P2414HB-MON-C,80
Sage - CMH,Monitors,1109704,TW027HW3742644CI022L,Dell,P2414hb,p2414hb,C,24,,DELL-P2414HB-MON-C,80
Sage - CMH,Monitors,1110833,TW027HW3742644CD07FL,Dell,P2414hb,P2412Hb,C,24,,DELL-P2414HB-MON-C,80
Sage - CMH,Monitors,1176894,CH0PN92,Dell,P2414hb,P2412Hb,C,24,,DELL-P2414HB-MON-C,80
Sage - CMH,Monitors,814754,TW027HW37426455J163L,Dell,P2414hb,027HW3,C,24,,DELL-P2414HB-MON-C,80
Sage - CMH,Monitors,814756,TW027HW37426455D0LVL,Dell,P2414hb,027HW3,C,24,,DELL-P2414HB-MON-C,80
Sage - CMH,Monitors,814759,TW027HW3742644CD0YML,Dell,P2414hb,027HW3,C,24,,DELL-P2414HB-MON-C,80
Sage - CMH,Monitors,814762,TW027HW3742644CD19ML,Dell,P2414hb,027HW3,C,24,,DELL-P2414HB-MON-C,80
Sage - CMH,Monitors,814766,TW027HW3742644CD0JRL,Dell,P2414hb,027HW3,C,24,,DELL-P2414HB-MON-C,80
Sage - CMH,Monitors,814769,TW027HW3742644CD0K7L,Dell,P2414hb,027HW3,C,24,,DELL-P2414HB-MON-C,80
Sage - CMH,Monitors,814814,TW027HW3742644CF0LGL,Dell,P2414hb,027HW3,C,24,,DELL-P2414HB-MON-C,80
Sage - CMH,Monitors,814835,TW0XV0YV7426463I08VLA06,Dell,P2414hb,027HW3,C,24,,DELL-P2414HB-MON-C,80
Sage - CMH,Monitors,814847,TW027HW3742644CF0MLL,Dell,P2414hb,027HW3,C,24,,DELL-P2414HB-MON-C,80
Sage - CMH,Monitors,814853,TW0XV0YV7426463H09NLA06,Dell,P2414hb,027HW3,C,24,,DELL-P2414HB-MON-C,80
Sage - CMH,Monitors,814865,TW027HW3742644CI0NCL,Dell,P2414hb,027HW3,C,24,,DELL-P2414HB-MON-C,80
Sage - CMH,Monitors,814938,TW027HW3742644CI0CRL,Dell,P2414hb,027HW3,C,24,,DELL-P2414HB-MON-C,80
Sage - CMH,Monitors,814944,TW027HW3742644CI0CEL,Dell,P2414hb,027HW3,C,24,,DELL-P2414HB-MON-C,80
Sage - CMH,Monitors,814947,TW027HW3742644CD19GL,Dell,P2414hb,027HW3,C,24,,DELL-P2414HB-MON-C,80
Sage - CMH,Monitors,814949,TW027HW3742645540C2L,Dell,P2414hb,027HW3,C,24,,DELL-P2414HB-MON-C,80
Sage - CMH,Monitors,814955,TW027HW3742644CF16AL,Dell,P2414hb,027HW3,C,24,,DELL-P2414HB-MON-C,80
Sage - CMH,Monitors,814957,TW027HW37426455D1EGL,Dell,P2414hb,027HW3,C,24,,DELL-P2414HB-MON-C,80
Sage - CMH,Monitors,814962,TW027HW37426455J160L,Dell,P2414hb,027HW3,C,24,,DELL-P2414HB-MON-C,80
Sage - CMH,Monitors,814963,TW027HW3742644CI0CTL,Dell,P2414hb,027HW3,C,24,,DELL-P2414HB-MON-C,80
Sage - CMH,Monitors,814966,TW027HW3742644CI06LL,Dell,P2414hb,027HW3,C,24,,DELL-P2414HB-MON-C,80
Sage - CMH,Monitors,814968,TW0XV0YV7426463H14HLA06,Dell,P2414hb,027HW3,C,24,,DELL-P2414HB-MON-C,80
Sage - CMH,Monitors,814970,TW027HW37426455D1M2L,Dell,P2414hb,027HW3,C,24,,DELL-P2414HB-MON-C,80
Sage - CMH,Monitors,815076,TW027HW3742644CF0LLL,Dell,P2414hb,027HW3,C,24,,DELL-P2414HB-MON-C,80
Sage - CMH,Monitors,815086,TW027HW37426455D0M5L,Dell,P2414hb,027HW3,C,24,,DELL-P2414HB-MON-C,80
Sage - CMH,Monitors,815092,TW027HW3742644CI017L,Dell,P2414hb,027HW3,C,24,,DELL-P2414HB-MON-C,80
Sage - CMH,Monitors,815098,TW027HW3742644CD1HPL,Dell,P2414hb,027HW3,C,24,,DELL-P2414HB-MON-C,80
Sage - CMH,Monitors,815101,TW027HW3742644CI0D2L,Dell,P2414hb,027HW3,C,24,,DELL-P2414HB-MON-C,80
Sage - CMH,Monitors,815103,TW027HW37426459E0H9L,Dell,P2414hb,027HW3,C,24,,DELL-P2414HB-MON-C,80
Sage - CMH,Monitors,815109,TW027HW3742644CD0L8L,Dell,P2414hb,027HW3,C,24,,DELL-P2414HB-MON-C,80
Sage - CMH,Monitors,815112,TW027HW3742644CD0YUL,Dell,P2414hb,027HW3,C,24,,DELL-P2414HB-MON-C,80
Sage - CMH,Monitors,815119,TW027HW37426455D04UL,Dell,P2414hb,027HW3,C,24,,DELL-P2414HB-MON-C,80
Sage - CMH,Monitors,815123,TW027HW3742645940M6L,Dell,P2414hb,027HW3,C,24,,DELL-P2414HB-MON-C,80
Sage - CMH,Monitors,815131,TW027HW3742644CI0AHL,Dell,P2414hb,027HW3,C,24,,DELL-P2414HB-MON-C,80
Sage - CMH,Monitors,815132,TW027HW3742644CD187L,Dell,P2414hb,027HW3,C,24,,DELL-P2414HB-MON-C,80
Sage - CMH,Monitors,815139,TW027HW37426455D0MJL,Dell,P2414hb,027HW3,C,24,,DELL-P2414HB-MON-C,80
Sage - CMH,Monitors,1042640,TW027HW37426453C1NDL,Dell,P2414hb,027HW3,C,24,,DELL-P2414HB-MON-C,80
Sage - CMH,Monitors,1112604,CN0XPG0H744453B8B4WU,Dell,P2414HT,P2414HT,C,24,,DELL-P2414HT-MON-C,80
Sage - CMH,Monitors,1042702,TW0KXHDH7426466E054UA00,Dell,P2417H,0KXHDH,C,24,,DELL-P2417H-MON-C,80
Sage - CMH,Monitors,1108969,TW0KXHDH7426465K0FCUA00,Dell,P2417H,P2417H,C,24,,DELL-P2417H-MON-C,80
Sage - CMH,Monitors,1109447,tw0kxhdh7426464r01vua00,Dell,P2417H,P2417H,C,24,,DELL-P2417H-MON-C,80
Sage - CMH,Monitors,1176671,MX0X175R742629A72J2U,Dell,ST2410b,ST2410b,C,24,,DELL-ST2410B-MON-C,80
Sage - CMH,Monitors,1188260,MX0TPDTP7426229H1MNU,Dell,ST2420Lb,ST2420Lb,C,24,,DELL-ST2420LB-MON-C,80
Sage - CMH,Monitors,1108481,MX0C592M7287532C4UVL,Dell,U2410F,U2410F,C,24,,DELL-U2410F-MON-C,80
Sage - CMH,Monitors,1110428,MX0C592M7287523E98PL,Dell,U2410F,U2410F,C,24,,DELL-U2410F-MON-C,80
Sage - CMH,Monitors,1160067,MX0C592M7287503PKNEL,Dell,U2410f,U2410f,C,24,,DELL-U2410F-MON-C,80
Sage - CMH,Monitors,1160073,MX0C592M7287503TN6TL,Dell,U2410f,U2410f,C,24,,DELL-U2410F-MON-C,80
Sage - CMH,Monitors,1188877,MX0C592M7287506M8W3L,Dell,U2410F,U2410F,C,24,,DELL-U2410F-MON-C,80
Sage - CMH,Monitors,1177166,CN07XTXGTV10078G28TSA05,Dell,U2412M,U2412M,C,24,,DELL-U2412M-MON-C,80
Sage - CMH,Monitors,1083464,CN0YMYH17426142D3M9L,Dell,U2412MB,0YMYH1,C,24,,DELL-U2412MB-MON-C,80
Sage - CMH,Monitors,1083203,CN0XTXXK72872614A81LA04,Dell,U2413F,0XTXXK,C,24,,DELL-U2413F-MON-C,80
Sage - CMH,Monitors,1160109,CN0XTXXK7287249NARVL,Dell,U2413F,U2413F,C,24,,DELL-U2413F-MON-C,80
Sage - CMH,Monitors,1110416,CN0R9F1P742615C24GWL,Dell,U2414Hb,U2414Hb,C,24,,DELL-U2414HB-MON-C,80
Sage - CMH,Monitors,1110417,CN0R9F1P742615C24WKL,Dell,U2414Hb,U2414Hb,C,24,,DELL-U2414HB-MON-C,80
Sage - CMH,Monitors,1160100,BRH06N2,Dell,U2417H,U2417H,C,24,,DELL-U2417H-MON-C,80
Sage - CMH,Monitors,1176967,CN0XVNNTWS2007B7A2BWA05,Dell,U2417H,U2417H,C,24,Includes DisplayPort Cable,DELL-U2417H-MON-C,80
Sage - CMH,Monitors,1042694,CN0J0GK5WS2008C4CBAYA04,Dell,U2419HC,0J0GK5,C,24,,DELL-U2419HC-MON-C,80
Sage - CMH,Monitors,1110829,CN0J0GK5WSL009BTA1WA08,Dell,U2419HC,U2419HC,C,24,,DELL-U2419HC-MON-C,80
Sage - CMH,Monitors,1180222,59599027,Eizo,FlexScan EV2455,0FTD2055,C,24,,EIZO-FLEXSCANEV2455-MON-C,80
Sage - CMH,Monitors,1084237,CN404106W1,HP,HP Compaq LA2405wg,NL773A,C,24,,HP-HPCOMPAQLA2405WG-MON-C,80
Sage - CMH,Monitors,1188765,CNK8441LN2,HP,L2245wg,L2245wg,C,24,,HP-L2245WG-MON-C,80
Sage - CMH,Monitors,1160043,CN402201N7,HP,LA2405wg,NL773A,C,24,,HP-LA2405WG-MON-C,80
Sage - CMH,Monitors,1177004,CNC84606PZ,HP,LP2475w,KD911A,C,24,,HP-LP2475W-MON-C,80
Sage - CMH,Monitors,1084077,2MN717NQ88,HP,VH24,M1T03AA,C,24,,HP-VH24-MON-C,80
Sage - CMH,Monitors,1188157,CNT14475GF,HP,ZR24w,VM633A,C,24,,HP-ZR24W-MON-C,80
Sage - CMH,Monitors,1112213,VTK98548,Lenovo,ThinkVision P24q-10,61A5-GAR3-WW,C,24,,LEN-THINKVISIONP24Q-10-MON-C,80
Sage - CMH,Monitors,1186951,PL341LSD01016,Planar,PLL2410W,PLL2410W,C,24,,PLANAR-PLL2410W-MON-C,80
Sage - CMH,Monitors,1179964,Z1QNHCLZ401986D,Samsung,B2430H,LS24PUHKFV/ZA,C,24,,SAMSUNG-B2430H-MON-C,80
Sage - CMH,Monitors,1112736,Z6J0HCJD800308V,Samsung,S24C450BW,LS24C45K,C,24,,SAMSUNG-S24C450BW-MON-C,80
Sage - CMH,Monitors,1052178,04NWHCLH200700E,Samsung,S24E650,S24E650BW,C,24,,SAMSUNG-S24E650-MON-C,80
Sage - CMH,Monitors,1052179,04NWHCKH200156F,Samsung,S24E650,S24E650BW,C,24,,SAMSUNG-S24E650-MON-C,80
Sage - CMH,Monitors,1052196,04NWHCLH200726E,Samsung,S24E650,S24E650BW,C,24,,SAMSUNG-S24E650-MON-C,80
Sage - CMH,Monitors,1052207,04NWHCLH200697K,Samsung,S24E650,S24E650BW,C,24,,SAMSUNG-S24E650-MON-C,80
Sage - CMH,Monitors,1052220,04NWHCLH200651W,Samsung,S24E650,S24E650BW,C,24,,SAMSUNG-S24E650-MON-C,80
Sage - CMH,Monitors,1052224,04NWHCLH200608Y,Samsung,S24E650,S24E650BW,C,24,,SAMSUNG-S24E650-MON-C,80
Sage - CMH,Monitors,1052228,04NWHCLH200485R,Samsung,S24E650,S24E650BW,C,24,,SAMSUNG-S24E650-MON-C,80
Sage - CMH,Monitors,1052234,04NWHCLH200693L,Samsung,S24E650,S24E650BW,C,24,,SAMSUNG-S24E650-MON-C,80
Sage - CMH,Monitors,1052324,04NWHCLH200471W,Samsung,S24E650,S24E650BW,C,24,,SAMSUNG-S24E650-MON-C,80
Sage - CMH,Monitors,1052327,04NWHCLH200543Z,Samsung,S24E650,S24E650BW,C,24,,SAMSUNG-S24E650-MON-C,80
Sage - CMH,Monitors,1052331,04NWHCLH200189V,Samsung,S24E650,S24E650BW,C,24,,SAMSUNG-S24E650-MON-C,80
Sage - CMH,Monitors,1052343,04NWHCLH200200D,Samsung,S24E650,S24E650BW,C,24,,SAMSUNG-S24E650-MON-C,80
Sage - CMH,Monitors,1052354,04NWHCLH200658D,Samsung,S24E650,S24E650BW,C,24,,SAMSUNG-S24E650-MON-C,80
Sage - CMH,Monitors,1052357,04NWHCLH200013K,Samsung,S24E650,S24E650BW,C,24,,SAMSUNG-S24E650-MON-C,80
Sage - CMH,Monitors,1052359,04NWHCLH200628N,Samsung,S24E650,S24E650BW,C,24,,SAMSUNG-S24E650-MON-C,80
Sage - CMH,Monitors,1052363,04NWHCLH200567F,Samsung,S24E650,S24E650BW,C,24,,SAMSUNG-S24E650-MON-C,80
Sage - CMH,Monitors,1052439,04NWHCLH200571N,Samsung,S24E650,S24E650BW,C,24,,SAMSUNG-S24E650-MON-C,80
Sage - CMH,Monitors,1052443,04NWHCKH200262H,Samsung,S24E650,S24E650BW,C,24,,SAMSUNG-S24E650-MON-C,80
Sage - CMH,Monitors,1052448,04NWHCLH200723Z,Samsung,S24E650,S24E650BW,C,24,,SAMSUNG-S24E650-MON-C,80
Sage - CMH,Monitors,1052453,04NWHCKH200234D,Samsung,S24E650,S24E650BW,C,24,,SAMSUNG-S24E650-MON-C,80
Sage - CMH,Monitors,1052459,04NWHCLH200504X,Samsung,S24E650,S24E650BW,C,24,,SAMSUNG-S24E650-MON-C,80
Sage - CMH,Monitors,1052465,04NWHCLH200632D,Samsung,S24E650,S24E650BW,C,24,,SAMSUNG-S24E650-MON-C,80
Sage - CMH,Monitors,1052473,04NWHCLH200660H,Samsung,S24E650,S24E650BW,C,24,,SAMSUNG-S24E650-MON-C,80
Sage - CMH,Monitors,1052476,04NWHCLH200603A,Samsung,S24E650,S24E650BW,C,24,,SAMSUNG-S24E650-MON-C,80
Sage - CMH,Monitors,1052479,04NWHCKH200155M,Samsung,S24E650,S24E650BW,C,24,,SAMSUNG-S24E650-MON-C,80
Sage - CMH,Monitors,1052483,04NWHCLH200655T,Samsung,S24E650,S24E650BW,C,24,,SAMSUNG-S24E650-MON-C,80
Sage - CMH,Monitors,1052488,04NWHCKH200151R,Samsung,S24E650,S24E650BW,C,24,,SAMSUNG-S24E650-MON-C,80
Sage - CMH,Monitors,1052490,04NWHCLH200730X,Samsung,S24E650,S24E650BW,C,24,,SAMSUNG-S24E650-MON-C,80
Sage - CMH,Monitors,1052491,04NWHCLH200676B,Samsung,S24E650,S24E650BW,C,24,,SAMSUNG-S24E650-MON-C,80
Sage - CMH,Monitors,1052493,04NWHCLH200506T,Samsung,S24E650,S24E650BW,C,24,,SAMSUNG-S24E650-MON-C,80
Sage - CMH,Monitors,1052495,04NWHCLH200536V,Samsung,S24E650,S24E650BW,C,24,,SAMSUNG-S24E650-MON-C,80
Sage - CMH,Monitors,1052500,04NWHCLH200670P,Samsung,S24E650,S24E650BW,C,24,,SAMSUNG-S24E650-MON-C,80
Sage - CMH,Monitors,1052502,04NWHCLH200691D,Samsung,S24E650,S24E650BW,C,24,,SAMSUNG-S24E650-MON-C,80
Sage - CMH,Monitors,1052506,04NWHCLH200001V,Samsung,S24E650,S24E650BW,C,24,,SAMSUNG-S24E650-MON-C,80
Sage - CMH,Monitors,1052508,04NWHCKH200154T,Samsung,S24E650,S24E650BW,C,24,,SAMSUNG-S24E650-MON-C,80
Sage - CMH,Monitors,1052510,04NWHCLH200533E,Samsung,S24E650,S24E650BW,C,24,,SAMSUNG-S24E650-MON-C,80
Sage - CMH,Monitors,1052515,04NWHCLH200551Y,Samsung,S24E650,S24E650BW,C,24,,SAMSUNG-S24E650-MON-C,80
Sage - CMH,Monitors,1052517,04NWHCKH200139H,Samsung,S24E650,S24E650BW,C,24,,SAMSUNG-S24E650-MON-C,80
Sage - CMH,Monitors,1052519,04NWHCLH200267H,Samsung,S24E650,S24E650BW,C,24,,SAMSUNG-S24E650-MON-C,80
Sage - CMH,Monitors,1052521,04NWHCKH200157D,Samsung,S24E650,S24E650BW,C,24,,SAMSUNG-S24E650-MON-C,80
Sage - CMH,Monitors,1052528,04NWHCLH200574W,Samsung,S24E650,S24E650BW,C,24,,SAMSUNG-S24E650-MON-C,80
Sage - CMH,Monitors,1052531,04NWHCLH200531L,Samsung,S24E650,S24E650BW,C,24,,SAMSUNG-S24E650-MON-C,80
Sage - CMH,Monitors,1052959,04NWHCLH200572A,Samsung,S24E650,S24E650BW,C,24,,SAMSUNG-S24E650-MON-C,80
Sage - CMH,Monitors,1052962,04NWHCKH200172H,Samsung,S24E650,S24E650BW,C,24,,SAMSUNG-S24E650-MON-C,80
Sage - CMH,Monitors,1052964,04NWHCKH200147J,Samsung,S24E650,S24E650BW,C,24,,SAMSUNG-S24E650-MON-C,80
Sage - CMH,Monitors,1053006,04NWHCLH200265K,Samsung,S24E650,S24E650BW,C,24,,SAMSUNG-S24E650-MON-C,80
Sage - CMH,Monitors,1053007,04NWHCLH200751N,Samsung,S24E650,S24E650BW,C,24,,SAMSUNG-S24E650-MON-C,80
Sage - CMH,Monitors,1053009,04NWHCLH200614H,Samsung,S24E650,S24E650BW,C,24,,SAMSUNG-S24E650-MON-C,80
Sage - CMH,Monitors,1053010,04NWHCLGB00225R,Samsung,S24E650,S24E650BW,C,24,,SAMSUNG-S24E650-MON-C,80
Sage - CMH,Monitors,1053011,04NWHCLGB00193M,Samsung,S24E650,S24E650BW,C,24,,SAMSUNG-S24E650-MON-C,80
Sage - CMH,Monitors,1053014,04NWHCLGB00195N,Samsung,S24E650,S24E650BW,C,24,,SAMSUNG-S24E650-MON-C,80
Sage - CMH,Monitors,1053016,04NWHCLH100655K,Samsung,S24E650,S24E650BW,C,24,,SAMSUNG-S24E650-MON-C,80
Sage - CMH,Monitors,1053017,04NWHCLH200702K,Samsung,S24E650,S24E650BW,C,24,,SAMSUNG-S24E650-MON-C,80
Sage - CMH,Monitors,1053018,04NWHCLH200562R,Samsung,S24E650,S24E650BW,C,24,,SAMSUNG-S24E650-MON-C,80
Sage - CMH,Monitors,1053020,04NWHCLH200535K,Samsung,S24E650,S24E650BW,C,24,,SAMSUNG-S24E650-MON-C,80
Sage - CMH,Monitors,1053021,04NWHCLH200516R,Samsung,S24E650,S24E650BW,C,24,,SAMSUNG-S24E650-MON-C,80
Sage - CMH,Monitors,1053022,04NWHCLH200528W,Samsung,S24E650,S24E650BW,C,24,,SAMSUNG-S24E650-MON-C,80
Sage - CMH,Monitors,1053023,04NWHCLH200217E,Samsung,S24E650,S24E650BW,C,24,,SAMSUNG-S24E650-MON-C,80
Sage - CMH,Monitors,1053215,04NWHCLH200491K,Samsung,S24E650,S24E650BW,C,24,,SAMSUNG-S24E650-MON-C,80
Sage - CMH,Monitors,1112772,Z1QNHCLZ500884X,Samsung,SyncMaster B2430,LS24PUHKFV/ZA,C,24,,SAMSUNG-SYNCMASTERB2430-MON-C,80
Sage - CMH,Monitors,1112773,Z1QNHCKB601546P,Samsung,SyncMaster B2430,LS24PUHKFV/ZA,C,24,,SAMSUNG-SYNCMASTERB2430-MON-C,80
Sage - CMH,Monitors,1112775,Z1QNHCKB601613N,Samsung,SyncMaster B2430,LS24PUHKFV/ZA,C,24,,SAMSUNG-SYNCMASTERB2430-MON-C,80
Sage - CMH,Monitors,1112777,Z1QNHCKB602067H,Samsung,SyncMaster B2430,LS24PUHKFV/ZA,C,24,,SAMSUNG-SYNCMASTERB2430-MON-C,80
Sage - CMH,Monitors,1112778,Z1QNHCKB601544Y,Samsung,SyncMaster B2430,LS24PUHKFV/ZA,C,24,,SAMSUNG-SYNCMASTERB2430-MON-C,80
Sage - CMH,Monitors,1112784,Z1QNHCKB601616R,Samsung,SyncMaster B2430,LS24PUHKFV/ZA,C,24,,SAMSUNG-SYNCMASTERB2430-MON-C,80
Sage - CMH,Monitors,1112786,Z1QNHCKB601907D,Samsung,SyncMaster B2430,LS24PUHKFV/ZA,C,24,,SAMSUNG-SYNCMASTERB2430-MON-C,80
Sage - CMH,Monitors,1112788,Z1QNHCKB602068J,Samsung,SyncMaster B2430,LS24PUHKFV/ZA,C,24,,SAMSUNG-SYNCMASTERB2430-MON-C,80
Sage - CMH,Monitors,1112789,Z1QNHCKB600149A,Samsung,SyncMaster B2430,LS24PUHKFV/ZA,C,24,,SAMSUNG-SYNCMASTERB2430-MON-C,80
Sage - CMH,Monitors,1112790,Z1QNHCKB601596E,Samsung,SyncMaster B2430,LS24PUHKFV/ZA,C,24,,SAMSUNG-SYNCMASTERB2430-MON-C,80
Sage - CMH,Monitors,1112791,Z1QNHCKB601903Z,Samsung,SyncMaster B2430,LS24PUHKFV/ZA,C,24,,SAMSUNG-SYNCMASTERB2430-MON-C,80
Sage - CMH,Monitors,1112799,Z1QNHCLZ402645A,Samsung,SyncMaster B2430,LS24PUHKFV/ZA,C,24,,SAMSUNG-SYNCMASTERB2430-MON-C,80
Sage - CMH,Monitors,1112802,Z1QNHCKB600208H,Samsung,SyncMaster B2430,LS24PUHKFV/ZA,C,24,,SAMSUNG-SYNCMASTERB2430-MON-C,80
Sage - CMH,Monitors,1112804,Z1QNHCKB201561D,Samsung,SyncMaster B2430,LS24PUHKFV/ZA,C,24,,SAMSUNG-SYNCMASTERB2430-MON-C,80
Sage - CMH,Monitors,1112805,Z1QNHCKB601505V,Samsung,SyncMaster B2430,LS24PUHKFV/ZA,C,24,,SAMSUNG-SYNCMASTERB2430-MON-C,80
Sage - CMH,Monitors,1112808,Z1QNHCKB601919P,Samsung,SyncMaster B2430,LS24PUHKFV/ZA,C,24,,SAMSUNG-SYNCMASTERB2430-MON-C,80
Sage - CMH,Monitors,1112809,Z1QNHCKB601501H,Samsung,SyncMaster B2430,LS24PUHKFV/ZA,C,24,,SAMSUNG-SYNCMASTERB2430-MON-C,80
Sage - CMH,Monitors,1188681,Z1QNHCLZ401724E,Samsung,SyncMaster B2430,B2430H,C,24,,SAMSUNG-SYNCMASTERB2430-MON-C,80
Sage - CMH,Monitors,1160038,TEN131732866,Viewsonic,VA2406m-LED,VS14634,C,24,,VIEWSONIC-VA2406M-LED-MON-C,80
Sage - CMH,Monitors,1160039,TEN124400482,Viewsonic,VA2406m-LED,VS14634,C,24,,VIEWSONIC-VA2406M-LED-MON-C,80
,,,,,,,,,,,
,,,,,,,,,,,64570
,,,,,,,,,,, 
,,,,,,,,,,,
